epoch,loss,valLoss,accuracy,utc
1,0,683358,0,674452,,2026-01-19T19:26:44.5468524+00:00
2,0,674452,0,656355,,2026-01-19T19:26:44.5498076+00:00
3,0,656355,0,632627,,2026-01-19T19:26:44.5524071+00:00
4,0,632627,0,610885,,2026-01-19T19:26:44.5547663+00:00
5,0,610885,0,585112,,2026-01-19T19:26:44.5565093+00:00
6,0,585112,0,559894,,2026-01-19T19:26:44.5582280+00:00
7,0,559894,0,542140,,2026-01-19T19:26:44.5600894+00:00
8,0,542140,0,501047,,2026-01-19T19:26:44.5629747+00:00
9,0,501047,0,464766,,2026-01-19T19:26:44.5661684+00:00
10,0,464766,0,419048,1,000000,2026-01-19T19:26:44.5680700+00:00
11,0,419048,0,378954,,2026-01-19T19:26:44.5706792+00:00
12,0,378954,0,341205,,2026-01-19T19:26:44.5740239+00:00
13,0,341205,0,301158,,2026-01-19T19:26:44.5780766+00:00
14,0,301158,0,260400,,2026-01-19T19:26:44.5815426+00:00
15,0,260400,0,222689,,2026-01-19T19:26:44.5830234+00:00
16,0,222689,0,192625,,2026-01-19T19:26:44.5875486+00:00
17,0,192625,0,160403,,2026-01-19T19:26:44.5926113+00:00
18,0,160403,0,131412,,2026-01-19T19:26:44.5972261+00:00
19,0,131412,0,107178,,2026-01-19T19:26:44.6016484+00:00
20,0,107178,0,087165,1,000000,2026-01-19T19:26:44.6062596+00:00
21,0,087165,0,072655,,2026-01-19T19:26:44.6118021+00:00
22,0,072655,0,060375,,2026-01-19T19:26:44.6135534+00:00
23,0,060375,0,050089,,2026-01-19T19:26:44.6189793+00:00
24,0,050089,0,042915,,2026-01-19T19:26:44.6217204+00:00
25,0,042915,0,037545,,2026-01-19T19:26:44.6257477+00:00
26,0,037545,0,032994,,2026-01-19T19:26:44.6297443+00:00
27,0,032994,0,029075,,2026-01-19T19:26:44.6321698+00:00
28,0,029075,0,025743,,2026-01-19T19:26:44.6387031+00:00
29,0,025743,0,022927,,2026-01-19T19:26:44.6439643+00:00
30,0,022927,0,020525,1,000000,2026-01-19T19:26:44.6461002+00:00
31,0,020525,0,018465,,2026-01-19T19:26:44.6482326+00:00
32,0,018465,0,016687,,2026-01-19T19:26:44.6511118+00:00
33,0,016687,0,015143,,2026-01-19T19:26:44.6529945+00:00
34,0,015143,0,013800,,2026-01-19T19:26:44.6547437+00:00
35,0,013800,0,012620,,2026-01-19T19:26:44.6566250+00:00
36,0,012620,0,011580,,2026-01-19T19:26:44.6584908+00:00
37,0,011580,0,010661,,2026-01-19T19:26:44.6602330+00:00
38,0,010661,0,009848,,2026-01-19T19:26:44.6620113+00:00
39,0,009848,0,009126,,2026-01-19T19:26:44.6638073+00:00
40,0,009126,0,008484,1,000000,2026-01-19T19:26:44.6655968+00:00
41,0,008484,0,007911,,2026-01-19T19:26:44.6674131+00:00
42,0,007911,0,007400,,2026-01-19T19:26:44.6692278+00:00
43,0,007400,0,006942,,2026-01-19T19:26:44.6710065+00:00
44,0,006942,0,006530,,2026-01-19T19:26:44.6728279+00:00
45,0,006530,0,006158,,2026-01-19T19:26:44.6757389+00:00
46,0,006158,0,005823,,2026-01-19T19:26:44.6777820+00:00
47,0,005823,0,005519,,2026-01-19T19:26:44.6797603+00:00
48,0,005519,0,005242,,2026-01-19T19:26:44.6818104+00:00
49,0,005242,0,004991,,2026-01-19T19:26:44.6838527+00:00
50,0,004991,0,004762,1,000000,2026-01-19T19:26:44.6859500+00:00
51,0,004762,0,004553,,2026-01-19T19:26:44.6880274+00:00
52,0,004553,0,004361,,2026-01-19T19:26:44.6901049+00:00
53,0,004361,0,004184,,2026-01-19T19:26:44.6939467+00:00
54,0,004184,0,004022,,2026-01-19T19:26:44.6961182+00:00
55,0,004022,0,003872,,2026-01-19T19:26:44.6987628+00:00
56,0,003872,0,003733,,2026-01-19T19:26:44.7036295+00:00
57,0,003733,0,003609,,2026-01-19T19:26:44.7070008+00:00
58,0,003609,0,003487,,2026-01-19T19:26:44.7112987+00:00
59,0,003487,0,003377,,2026-01-19T19:26:44.7158981+00:00
60,0,003377,0,003276,1,000000,2026-01-19T19:26:44.7182663+00:00
61,0,003276,0,003180,,2026-01-19T19:26:44.7208224+00:00
62,0,003180,0,003091,,2026-01-19T19:26:44.7233500+00:00
63,0,003091,0,003008,,2026-01-19T19:26:44.7266954+00:00
64,0,003008,0,002930,,2026-01-19T19:26:44.7301295+00:00
65,0,002930,0,002856,,2026-01-19T19:26:44.7330067+00:00
66,0,002856,0,002786,,2026-01-19T19:26:44.7356825+00:00
67,0,002786,0,002721,,2026-01-19T19:26:44.7375097+00:00
68,0,002721,0,002659,,2026-01-19T19:26:44.7412105+00:00
69,0,002659,0,002600,,2026-01-19T19:26:44.7428629+00:00
70,0,002600,0,002544,1,000000,2026-01-19T19:26:44.7442742+00:00
71,0,002544,0,002491,,2026-01-19T19:26:44.7458443+00:00
72,0,002491,0,002441,,2026-01-19T19:26:44.7502776+00:00
73,0,002441,0,002392,,2026-01-19T19:26:44.7557446+00:00
74,0,002392,0,002346,,2026-01-19T19:26:44.7575208+00:00
75,0,002346,0,002302,,2026-01-19T19:26:44.7595899+00:00
76,0,002302,0,002260,,2026-01-19T19:26:44.7613045+00:00
77,0,002260,0,002220,,2026-01-19T19:26:44.7630253+00:00
78,0,002220,0,002181,,2026-01-19T19:26:44.7660707+00:00
79,0,002181,0,002144,,2026-01-19T19:26:44.7691079+00:00
80,0,002144,0,002108,1,000000,2026-01-19T19:26:44.7713235+00:00
81,0,002108,0,002073,,2026-01-19T19:26:44.7745026+00:00
82,0,002073,0,002040,,2026-01-19T19:26:44.7765224+00:00
83,0,002040,0,002008,,2026-01-19T19:26:44.7793950+00:00
84,0,002008,0,001976,,2026-01-19T19:26:44.7826789+00:00
85,0,001976,0,001946,,2026-01-19T19:26:44.7860994+00:00
86,0,001946,0,001917,,2026-01-19T19:26:44.7891144+00:00
87,0,001917,0,001889,,2026-01-19T19:26:44.7923426+00:00
88,0,001889,0,001862,,2026-01-19T19:26:44.7982981+00:00
89,0,001862,0,001835,,2026-01-19T19:26:44.8007677+00:00
90,0,001835,0,001809,1,000000,2026-01-19T19:26:44.8038586+00:00
91,0,001809,0,001789,,2026-01-19T19:26:44.8069084+00:00
92,0,001789,0,001761,,2026-01-19T19:26:44.8093349+00:00
93,0,001761,0,001738,,2026-01-19T19:26:44.8123197+00:00
94,0,001738,0,001715,,2026-01-19T19:26:44.8170517+00:00
95,0,001715,0,001693,,2026-01-19T19:26:44.8238060+00:00
96,0,001693,0,001672,,2026-01-19T19:26:44.8258754+00:00
97,0,001672,0,001651,,2026-01-19T19:26:44.8280117+00:00
98,0,001651,0,001631,,2026-01-19T19:26:44.8312636+00:00
99,0,001631,0,001611,,2026-01-19T19:26:44.8380484+00:00
100,0,001611,0,001591,1,000000,2026-01-19T19:26:44.8453249+00:00
101,0,001591,0,001572,,2026-01-19T19:26:44.8480739+00:00
102,0,001572,0,001553,,2026-01-19T19:26:44.8504531+00:00
103,0,001553,0,001535,,2026-01-19T19:26:44.8524390+00:00
104,0,001535,0,001517,,2026-01-19T19:26:44.8544386+00:00
105,0,001517,0,001499,,2026-01-19T19:26:44.8562176+00:00
106,0,001499,0,001482,,2026-01-19T19:26:44.8583566+00:00
107,0,001482,0,001466,,2026-01-19T19:26:44.8615053+00:00
108,0,001466,0,001449,,2026-01-19T19:26:44.8636688+00:00
109,0,001449,0,001434,,2026-01-19T19:26:44.8656925+00:00
110,0,001434,0,001419,1,000000,2026-01-19T19:26:44.8681194+00:00
111,0,001419,0,001403,,2026-01-19T19:26:44.8702346+00:00
112,0,001403,0,001389,,2026-01-19T19:26:44.8724560+00:00
113,0,001389,0,001374,,2026-01-19T19:26:44.8747175+00:00
114,0,001374,0,001359,,2026-01-19T19:26:44.8770776+00:00
115,0,001359,0,001345,,2026-01-19T19:26:44.8805279+00:00
116,0,001345,0,001331,,2026-01-19T19:26:44.8836091+00:00
117,0,001331,0,001318,,2026-01-19T19:26:44.8920825+00:00
118,0,001318,0,001304,,2026-01-19T19:26:44.8948372+00:00
119,0,001304,0,001291,,2026-01-19T19:26:44.8970097+00:00
120,0,001291,0,001278,1,000000,2026-01-19T19:26:44.8988917+00:00
121,0,001278,0,001265,,2026-01-19T19:26:44.9010179+00:00
122,0,001265,0,001253,,2026-01-19T19:26:44.9035308+00:00
123,0,001253,0,001245,,2026-01-19T19:26:44.9075361+00:00
124,0,001245,0,001229,,2026-01-19T19:26:44.9102382+00:00
125,0,001229,0,001218,,2026-01-19T19:26:44.9128708+00:00
126,0,001218,0,001206,,2026-01-19T19:26:44.9152080+00:00
127,0,001206,0,001195,,2026-01-19T19:26:44.9175030+00:00
128,0,001195,0,001185,,2026-01-19T19:26:44.9198159+00:00
129,0,001185,0,001174,,2026-01-19T19:26:44.9224351+00:00
130,0,001174,0,001163,1,000000,2026-01-19T19:26:44.9250597+00:00
131,0,001163,0,001153,,2026-01-19T19:26:44.9287602+00:00
132,0,001153,0,001142,,2026-01-19T19:26:44.9309788+00:00
133,0,001142,0,001132,,2026-01-19T19:26:44.9329416+00:00
134,0,001132,0,001122,,2026-01-19T19:26:44.9352341+00:00
135,0,001122,0,001112,,2026-01-19T19:26:44.9378406+00:00
136,0,001112,0,001102,,2026-01-19T19:26:44.9408332+00:00
137,0,001102,0,001092,,2026-01-19T19:26:44.9434423+00:00
138,0,001092,0,001082,,2026-01-19T19:26:44.9470507+00:00
139,0,001082,0,001073,,2026-01-19T19:26:44.9493317+00:00
140,0,001073,0,001063,1,000000,2026-01-19T19:26:44.9516993+00:00
141,0,001063,0,001054,,2026-01-19T19:26:44.9540316+00:00
142,0,001054,0,001045,,2026-01-19T19:26:44.9563070+00:00
143,0,001045,0,001036,,2026-01-19T19:26:44.9584945+00:00
144,0,001036,0,001027,,2026-01-19T19:26:44.9612098+00:00
145,0,001027,0,001018,,2026-01-19T19:26:44.9634572+00:00
146,0,001018,0,001010,,2026-01-19T19:26:44.9658642+00:00
147,0,001010,0,001002,,2026-01-19T19:26:44.9682612+00:00
148,0,001002,0,000993,,2026-01-19T19:26:44.9708688+00:00
149,0,000993,0,000985,,2026-01-19T19:26:44.9738174+00:00
150,0,000985,0,000977,1,000000,2026-01-19T19:26:44.9775547+00:00
151,0,000977,0,000969,,2026-01-19T19:26:44.9808745+00:00
152,0,000969,0,000961,,2026-01-19T19:26:44.9831306+00:00
153,0,000961,0,000955,,2026-01-19T19:26:44.9853574+00:00
154,0,000955,0,000946,,2026-01-19T19:26:44.9875230+00:00
155,0,000946,0,000939,,2026-01-19T19:26:44.9896740+00:00
156,0,000939,0,000932,,2026-01-19T19:26:44.9917543+00:00
157,0,000932,0,000925,,2026-01-19T19:26:44.9945299+00:00
158,0,000925,0,000918,,2026-01-19T19:26:44.9965455+00:00
159,0,000918,0,000912,,2026-01-19T19:26:44.9986948+00:00
160,0,000912,0,000905,1,000000,2026-01-19T19:26:45.0007818+00:00
161,0,000905,0,000898,,2026-01-19T19:26:45.0029584+00:00
162,0,000898,0,000891,,2026-01-19T19:26:45.0051543+00:00
163,0,000891,0,000884,,2026-01-19T19:26:45.0075305+00:00
164,0,000884,0,000878,,2026-01-19T19:26:45.0101219+00:00
165,0,000878,0,000871,,2026-01-19T19:26:45.0124705+00:00
166,0,000871,0,000864,,2026-01-19T19:26:45.0154189+00:00
167,0,000864,0,000858,,2026-01-19T19:26:45.0176356+00:00
168,0,000858,0,000851,,2026-01-19T19:26:45.0198203+00:00
169,0,000851,0,000845,,2026-01-19T19:26:45.0220599+00:00
170,0,000845,0,000839,1,000000,2026-01-19T19:26:45.0249729+00:00
171,0,000839,0,000832,,2026-01-19T19:26:45.0273326+00:00
172,0,000832,0,000826,,2026-01-19T19:26:45.0301016+00:00
173,0,000826,0,000820,,2026-01-19T19:26:45.0323571+00:00
174,0,000820,0,000814,,2026-01-19T19:26:45.0346949+00:00
175,0,000814,0,000808,,2026-01-19T19:26:45.0369711+00:00
176,0,000808,0,000803,,2026-01-19T19:26:45.0402799+00:00
177,0,000803,0,000796,,2026-01-19T19:26:45.0426332+00:00
178,0,000796,0,000791,,2026-01-19T19:26:45.0448964+00:00
179,0,000791,0,000785,,2026-01-19T19:26:45.0472305+00:00
180,0,000785,0,000780,1,000000,2026-01-19T19:26:45.0496523+00:00
181,0,000780,0,000775,,2026-01-19T19:26:45.0521938+00:00
182,0,000775,0,000770,,2026-01-19T19:26:45.0557032+00:00
183,0,000770,0,000765,,2026-01-19T19:26:45.0585623+00:00
184,0,000765,0,000760,,2026-01-19T19:26:45.0613299+00:00
185,0,000760,0,000755,,2026-01-19T19:26:45.0639932+00:00
186,0,000755,0,000750,,2026-01-19T19:26:45.0670603+00:00
187,0,000750,0,000745,,2026-01-19T19:26:45.0706363+00:00
188,0,000745,0,000740,,2026-01-19T19:26:45.0733474+00:00
189,0,000740,0,000735,,2026-01-19T19:26:45.0759601+00:00
190,0,000735,0,000730,1,000000,2026-01-19T19:26:45.0786460+00:00
191,0,000730,0,000725,,2026-01-19T19:26:45.0812982+00:00
192,0,000725,0,000720,,2026-01-19T19:26:45.0838809+00:00
193,0,000720,0,000716,,2026-01-19T19:26:45.0873130+00:00
194,0,000716,0,000711,,2026-01-19T19:26:45.0899888+00:00
195,0,000711,0,000706,,2026-01-19T19:26:45.0926554+00:00
196,0,000706,0,000701,,2026-01-19T19:26:45.0951447+00:00
197,0,000701,0,000697,,2026-01-19T19:26:45.0975295+00:00
198,0,000697,0,000692,,2026-01-19T19:26:45.0998912+00:00
199,0,000692,0,000687,,2026-01-19T19:26:45.1027162+00:00
200,0,000687,0,000683,1,000000,2026-01-19T19:26:45.1050018+00:00
201,0,000683,0,000678,,2026-01-19T19:26:45.1072431+00:00
202,0,000678,0,000674,,2026-01-19T19:26:45.1095168+00:00
203,0,000674,0,000669,,2026-01-19T19:26:45.1117830+00:00
204,0,000669,0,000665,,2026-01-19T19:26:45.1149242+00:00
205,0,000665,0,000663,,2026-01-19T19:26:45.1173061+00:00
206,0,000663,0,000657,,2026-01-19T19:26:45.1197167+00:00
207,0,000657,0,000653,,2026-01-19T19:26:45.1220396+00:00
208,0,000653,0,000649,,2026-01-19T19:26:45.1244822+00:00
209,0,000649,0,000645,,2026-01-19T19:26:45.1272240+00:00
210,0,000645,0,000641,1,000000,2026-01-19T19:26:45.1296703+00:00
211,0,000641,0,000637,,2026-01-19T19:26:45.1319440+00:00
212,0,000637,0,000633,,2026-01-19T19:26:45.1341523+00:00
213,0,000633,0,000629,,2026-01-19T19:26:45.1362529+00:00
214,0,000629,0,000625,,2026-01-19T19:26:45.1390890+00:00
215,0,000625,0,000622,,2026-01-19T19:26:45.1413499+00:00
216,0,000622,0,000618,,2026-01-19T19:26:45.1436668+00:00
217,0,000618,0,000614,,2026-01-19T19:26:45.1459364+00:00
218,0,000614,0,000611,,2026-01-19T19:26:45.1480030+00:00
219,0,000611,0,000607,,2026-01-19T19:26:45.1508840+00:00
220,0,000607,0,000604,1,000000,2026-01-19T19:26:45.1529531+00:00
221,0,000604,0,000600,,2026-01-19T19:26:45.1551154+00:00
222,0,000600,0,000597,,2026-01-19T19:26:45.1572921+00:00
223,0,000597,0,000593,,2026-01-19T19:26:45.1594534+00:00
224,0,000593,0,000589,,2026-01-19T19:26:45.1621050+00:00
225,0,000589,0,000586,,2026-01-19T19:26:45.1640641+00:00
226,0,000586,0,000582,,2026-01-19T19:26:45.1660059+00:00
227,0,000582,0,000579,,2026-01-19T19:26:45.1681139+00:00
228,0,000579,0,000576,,2026-01-19T19:26:45.1703322+00:00
229,0,000576,0,000572,,2026-01-19T19:26:45.1730521+00:00
230,0,000572,0,000569,1,000000,2026-01-19T19:26:45.1752698+00:00
231,0,000569,0,000566,,2026-01-19T19:26:45.1775159+00:00
232,0,000566,0,000562,,2026-01-19T19:26:45.1797113+00:00
233,0,000562,0,000560,,2026-01-19T19:26:45.1819299+00:00
234,0,000560,0,000556,,2026-01-19T19:26:45.1847668+00:00
235,0,000556,0,000554,,2026-01-19T19:26:45.1869981+00:00
236,0,000554,0,000551,,2026-01-19T19:26:45.1892268+00:00
237,0,000551,0,000548,,2026-01-19T19:26:45.1915672+00:00
238,0,000548,0,000545,,2026-01-19T19:26:45.1936688+00:00
239,0,000545,0,000542,,2026-01-19T19:26:45.1962319+00:00
240,0,000542,0,000539,1,000000,2026-01-19T19:26:45.1984414+00:00
241,0,000539,0,000536,,2026-01-19T19:26:45.2008805+00:00
242,0,000536,0,000533,,2026-01-19T19:26:45.2033957+00:00
243,0,000533,0,000530,,2026-01-19T19:26:45.2059614+00:00
244,0,000530,0,000527,,2026-01-19T19:26:45.2090477+00:00
245,0,000527,0,000524,,2026-01-19T19:26:45.2116223+00:00
246,0,000524,0,000522,,2026-01-19T19:26:45.2142942+00:00
247,0,000522,0,000519,,2026-01-19T19:26:45.2172342+00:00
248,0,000519,0,000516,,2026-01-19T19:26:45.2206606+00:00
249,0,000516,0,000513,,2026-01-19T19:26:45.2230865+00:00
250,0,000513,0,000510,1,000000,2026-01-19T19:26:45.2256293+00:00
251,0,000510,0,000507,,2026-01-19T19:26:45.2280290+00:00
252,0,000507,0,000504,,2026-01-19T19:26:45.2305580+00:00
253,0,000504,0,000502,,2026-01-19T19:26:45.2336567+00:00
254,0,000502,0,000499,,2026-01-19T19:26:45.2362196+00:00
255,0,000499,0,000496,,2026-01-19T19:26:45.2388963+00:00
256,0,000496,0,000493,,2026-01-19T19:26:45.2416317+00:00
257,0,000493,0,000492,,2026-01-19T19:26:45.2442336+00:00
258,0,000492,0,000488,,2026-01-19T19:26:45.2472410+00:00
259,0,000488,0,000486,,2026-01-19T19:26:45.2497348+00:00
260,0,000486,0,000483,1,000000,2026-01-19T19:26:45.2521870+00:00
261,0,000483,0,000481,,2026-01-19T19:26:45.2546558+00:00
262,0,000481,0,000478,,2026-01-19T19:26:45.2577545+00:00
263,0,000478,0,000476,,2026-01-19T19:26:45.2601947+00:00
264,0,000476,0,000474,,2026-01-19T19:26:45.2627380+00:00
265,0,000474,0,000471,,2026-01-19T19:26:45.2655695+00:00
266,0,000471,0,000469,,2026-01-19T19:26:45.2691848+00:00
267,0,000469,0,000466,,2026-01-19T19:26:45.2715320+00:00
268,0,000466,0,000464,,2026-01-19T19:26:45.2741588+00:00
269,0,000464,0,000462,,2026-01-19T19:26:45.2778733+00:00
270,0,000462,0,000459,1,000000,2026-01-19T19:26:45.2812894+00:00
271,0,000459,0,000457,,2026-01-19T19:26:45.2850386+00:00
272,0,000457,0,000455,,2026-01-19T19:26:45.2876304+00:00
273,0,000455,0,000452,,2026-01-19T19:26:45.2902143+00:00
274,0,000452,0,000450,,2026-01-19T19:26:45.2927761+00:00
275,0,000450,0,000448,,2026-01-19T19:26:45.2958523+00:00
276,0,000448,0,000446,,2026-01-19T19:26:45.2984650+00:00
277,0,000446,0,000443,,2026-01-19T19:26:45.3009789+00:00
278,0,000443,0,000441,,2026-01-19T19:26:45.3035033+00:00
279,0,000441,0,000439,,2026-01-19T19:26:45.3065741+00:00
280,0,000439,0,000437,1,000000,2026-01-19T19:26:45.3091207+00:00
281,0,000437,0,000435,,2026-01-19T19:26:45.3116607+00:00
282,0,000435,0,000433,,2026-01-19T19:26:45.3142663+00:00
283,0,000433,0,000431,,2026-01-19T19:26:45.3175519+00:00
284,0,000431,0,000429,,2026-01-19T19:26:45.3200745+00:00
285,0,000429,0,000427,,2026-01-19T19:26:45.3226768+00:00
286,0,000427,0,000425,,2026-01-19T19:26:45.3252018+00:00
287,0,000425,0,000423,,2026-01-19T19:26:45.3284977+00:00
288,0,000423,0,000421,,2026-01-19T19:26:45.3308428+00:00
289,0,000421,0,000419,,2026-01-19T19:26:45.3334765+00:00
290,0,000419,0,000417,1,000000,2026-01-19T19:26:45.3360684+00:00
291,0,000417,0,000415,,2026-01-19T19:26:45.3393384+00:00
292,0,000415,0,000413,,2026-01-19T19:26:45.3417310+00:00
293,0,000413,0,000411,,2026-01-19T19:26:45.3442962+00:00
294,0,000411,0,000409,,2026-01-19T19:26:45.3469377+00:00
295,0,000409,0,000407,,2026-01-19T19:26:45.3502395+00:00
296,0,000407,0,000405,,2026-01-19T19:26:45.3527390+00:00
297,0,000405,0,000403,,2026-01-19T19:26:45.3555522+00:00
298,0,000403,0,000401,,2026-01-19T19:26:45.3583494+00:00
299,0,000401,0,000399,,2026-01-19T19:26:45.3619947+00:00
300,0,000399,0,000397,1,000000,2026-01-19T19:26:45.3646582+00:00
301,0,000397,0,000395,,2026-01-19T19:26:45.3674509+00:00
302,0,000395,0,000394,,2026-01-19T19:26:45.3702475+00:00
303,0,000394,0,000392,,2026-01-19T19:26:45.3736278+00:00
304,0,000392,0,000390,,2026-01-19T19:26:45.3760282+00:00
305,0,000390,0,000389,,2026-01-19T19:26:45.3786955+00:00
306,0,000389,0,000386,,2026-01-19T19:26:45.3815758+00:00
307,0,000386,0,000385,,2026-01-19T19:26:45.3851678+00:00
308,0,000385,0,000383,,2026-01-19T19:26:45.3879607+00:00
309,0,000383,0,000382,,2026-01-19T19:26:45.3908307+00:00
310,0,000382,0,000380,1,000000,2026-01-19T19:26:45.3935268+00:00
311,0,000380,0,000378,,2026-01-19T19:26:45.3962805+00:00
312,0,000378,0,000377,,2026-01-19T19:26:45.3995329+00:00
313,0,000377,0,000375,,2026-01-19T19:26:45.4021845+00:00
314,0,000375,0,000373,,2026-01-19T19:26:45.4052912+00:00
315,0,000373,0,000371,,2026-01-19T19:26:45.4086493+00:00
316,0,000371,0,000370,,2026-01-19T19:26:45.4114320+00:00
317,0,000370,0,000368,,2026-01-19T19:26:45.4141484+00:00
318,0,000368,0,000366,,2026-01-19T19:26:45.4172495+00:00
319,0,000366,0,000365,,2026-01-19T19:26:45.4199178+00:00
320,0,000365,0,000363,1,000000,2026-01-19T19:26:45.4226067+00:00
321,0,000363,0,000362,,2026-01-19T19:26:45.4259691+00:00
322,0,000362,0,000360,,2026-01-19T19:26:45.4283550+00:00
323,0,000360,0,000358,,2026-01-19T19:26:45.4310839+00:00
324,0,000358,0,000357,,2026-01-19T19:26:45.4337605+00:00
325,0,000357,0,000355,,2026-01-19T19:26:45.4374442+00:00
326,0,000355,0,000354,,2026-01-19T19:26:45.4401183+00:00
327,0,000354,0,000352,,2026-01-19T19:26:45.4430288+00:00
328,0,000352,0,000351,,2026-01-19T19:26:45.4457610+00:00
329,0,000351,0,000350,,2026-01-19T19:26:45.4484879+00:00
330,0,000350,0,000348,1,000000,2026-01-19T19:26:45.4513667+00:00
331,0,000348,0,000346,,2026-01-19T19:26:45.4541114+00:00
332,0,000346,0,000345,,2026-01-19T19:26:45.4568239+00:00
333,0,000345,0,000344,,2026-01-19T19:26:45.4601458+00:00
334,0,000344,0,000342,,2026-01-19T19:26:45.4635407+00:00
335,0,000342,0,000341,,2026-01-19T19:26:45.4663250+00:00
336,0,000341,0,000339,,2026-01-19T19:26:45.4699161+00:00
337,0,000339,0,000338,,2026-01-19T19:26:45.4726684+00:00
338,0,000338,0,000336,,2026-01-19T19:26:45.4756184+00:00
339,0,000336,0,000335,,2026-01-19T19:26:45.4784068+00:00
340,0,000335,0,000334,1,000000,2026-01-19T19:26:45.4814307+00:00
341,0,000334,0,000332,,2026-01-19T19:26:45.4844739+00:00
342,0,000332,0,000331,,2026-01-19T19:26:45.4881433+00:00
343,0,000331,0,000329,,2026-01-19T19:26:45.4909550+00:00
344,0,000329,0,000328,,2026-01-19T19:26:45.4937694+00:00
345,0,000328,0,000327,,2026-01-19T19:26:45.4973273+00:00
346,0,000327,0,000325,,2026-01-19T19:26:45.5012149+00:00
347,0,000325,0,000324,,2026-01-19T19:26:45.5039272+00:00
348,0,000324,0,000323,,2026-01-19T19:26:45.5069725+00:00
349,0,000323,0,000321,,2026-01-19T19:26:45.5100158+00:00
350,0,000321,0,000320,1,000000,2026-01-19T19:26:45.5132164+00:00
351,0,000320,0,000319,,2026-01-19T19:26:45.5171814+00:00
352,0,000319,0,000317,,2026-01-19T19:26:45.5208359+00:00
353,0,000317,0,000316,,2026-01-19T19:26:45.5249148+00:00
354,0,000316,0,000315,,2026-01-19T19:26:45.5292179+00:00
355,0,000315,0,000314,,2026-01-19T19:26:45.5328263+00:00
356,0,000314,0,000312,,2026-01-19T19:26:45.5357174+00:00
357,0,000312,0,000311,,2026-01-19T19:26:45.5396025+00:00
358,0,000311,0,000310,,2026-01-19T19:26:45.5425015+00:00
359,0,000310,0,000309,,2026-01-19T19:26:45.5457193+00:00
360,0,000309,0,000308,1,000000,2026-01-19T19:26:45.5489303+00:00
361,0,000308,0,000306,,2026-01-19T19:26:45.5524540+00:00
362,0,000306,0,000305,,2026-01-19T19:26:45.5555438+00:00
363,0,000305,0,000304,,2026-01-19T19:26:45.5594531+00:00
364,0,000304,0,000303,,2026-01-19T19:26:45.5627773+00:00
365,0,000303,0,000301,,2026-01-19T19:26:45.5663556+00:00
366,0,000301,0,000300,,2026-01-19T19:26:45.5695487+00:00
367,0,000300,0,000299,,2026-01-19T19:26:45.5724439+00:00
368,0,000299,0,000298,,2026-01-19T19:26:45.5767008+00:00
369,0,000298,0,000297,,2026-01-19T19:26:45.5794668+00:00
370,0,000297,0,000296,1,000000,2026-01-19T19:26:45.5824102+00:00
371,0,000296,0,000294,,2026-01-19T19:26:45.5882119+00:00
372,0,000294,0,000293,,2026-01-19T19:26:45.5914535+00:00
373,0,000293,0,000292,,2026-01-19T19:26:45.5943090+00:00
374,0,000292,0,000291,,2026-01-19T19:26:45.5972657+00:00
375,0,000291,0,000290,,2026-01-19T19:26:45.6002563+00:00
376,0,000290,0,000289,,2026-01-19T19:26:45.6032746+00:00
377,0,000289,0,000288,,2026-01-19T19:26:45.6073598+00:00
378,0,000288,0,000287,,2026-01-19T19:26:45.6104285+00:00
379,0,000287,0,000286,,2026-01-19T19:26:45.6135152+00:00
380,0,000286,0,000285,1,000000,2026-01-19T19:26:45.6166474+00:00
381,0,000285,0,000284,,2026-01-19T19:26:45.6196995+00:00
382,0,000284,0,000283,,2026-01-19T19:26:45.6227395+00:00
383,0,000283,0,000282,,2026-01-19T19:26:45.6262286+00:00
384,0,000282,0,000281,,2026-01-19T19:26:45.6293734+00:00
385,0,000281,0,000280,,2026-01-19T19:26:45.6324453+00:00
386,0,000280,0,000278,,2026-01-19T19:26:45.6355041+00:00
387,0,000278,0,000277,,2026-01-19T19:26:45.6385923+00:00
388,0,000277,0,000276,,2026-01-19T19:26:45.6442683+00:00
389,0,000276,0,000275,,2026-01-19T19:26:45.6473387+00:00
390,0,000275,0,000274,1,000000,2026-01-19T19:26:45.6506979+00:00
391,0,000274,0,000273,,2026-01-19T19:26:45.6535161+00:00
392,0,000273,0,000272,,2026-01-19T19:26:45.6567000+00:00
393,0,000272,0,000271,,2026-01-19T19:26:45.6599351+00:00
394,0,000271,0,000270,,2026-01-19T19:26:45.6633042+00:00
395,0,000270,0,000269,,2026-01-19T19:26:45.6675759+00:00
396,0,000269,0,000268,,2026-01-19T19:26:45.6708599+00:00
397,0,000268,0,000267,,2026-01-19T19:26:45.6739910+00:00
398,0,000267,0,000266,,2026-01-19T19:26:45.6770977+00:00
399,0,000266,0,000265,,2026-01-19T19:26:45.6803040+00:00
400,0,000265,0,000264,1,000000,2026-01-19T19:26:45.6842448+00:00
401,0,000264,0,000263,,2026-01-19T19:26:45.6876156+00:00
402,0,000263,0,000262,,2026-01-19T19:26:45.6909235+00:00
403,0,000262,0,000261,,2026-01-19T19:26:45.6942898+00:00
404,0,000261,0,000260,,2026-01-19T19:26:45.7004602+00:00
405,0,000260,0,000259,,2026-01-19T19:26:45.7035358+00:00
406,0,000259,0,000258,,2026-01-19T19:26:45.7065784+00:00
407,0,000258,0,000258,,2026-01-19T19:26:45.7096165+00:00
408,0,000258,0,000257,,2026-01-19T19:26:45.7127673+00:00
409,0,000257,0,000256,,2026-01-19T19:26:45.7180350+00:00
410,0,000256,0,000255,1,000000,2026-01-19T19:26:45.7234359+00:00
411,0,000255,0,000254,,2026-01-19T19:26:45.7267752+00:00
412,0,000254,0,000253,,2026-01-19T19:26:45.7298884+00:00
413,0,000253,0,000252,,2026-01-19T19:26:45.7339841+00:00
414,0,000252,0,000251,,2026-01-19T19:26:45.7379555+00:00
415,0,000251,0,000250,,2026-01-19T19:26:45.7410227+00:00
416,0,000250,0,000249,,2026-01-19T19:26:45.7440457+00:00
417,0,000249,0,000248,,2026-01-19T19:26:45.7470004+00:00
418,0,000248,0,000248,,2026-01-19T19:26:45.7498518+00:00
419,0,000248,0,000247,,2026-01-19T19:26:45.7537190+00:00
420,0,000247,0,000246,1,000000,2026-01-19T19:26:45.7590167+00:00
421,0,000246,0,000245,,2026-01-19T19:26:45.7623052+00:00
422,0,000245,0,000244,,2026-01-19T19:26:45.7656448+00:00
423,0,000244,0,000243,,2026-01-19T19:26:45.7688374+00:00
424,0,000243,0,000243,,2026-01-19T19:26:45.7724742+00:00
425,0,000243,0,000242,,2026-01-19T19:26:45.7777696+00:00
426,0,000242,0,000241,,2026-01-19T19:26:45.7850497+00:00
427,0,000241,0,000240,,2026-01-19T19:26:45.7894139+00:00
428,0,000240,0,000239,,2026-01-19T19:26:45.7933434+00:00
429,0,000239,0,000239,,2026-01-19T19:26:45.7972537+00:00
430,0,000239,0,000238,1,000000,2026-01-19T19:26:45.8015091+00:00
431,0,000238,0,000237,,2026-01-19T19:26:45.8063089+00:00
432,0,000237,0,000236,,2026-01-19T19:26:45.8106645+00:00
433,0,000236,0,000235,,2026-01-19T19:26:45.8149718+00:00
434,0,000235,0,000235,,2026-01-19T19:26:45.8229230+00:00
435,0,000235,0,000234,,2026-01-19T19:26:45.8328670+00:00
436,0,000234,0,000233,,2026-01-19T19:26:45.8370599+00:00
437,0,000233,0,000232,,2026-01-19T19:26:45.8417661+00:00
438,0,000232,0,000231,,2026-01-19T19:26:45.8458998+00:00
439,0,000231,0,000231,,2026-01-19T19:26:45.8501947+00:00
440,0,000231,0,000230,1,000000,2026-01-19T19:26:45.8538415+00:00
441,0,000230,0,000229,,2026-01-19T19:26:45.8575290+00:00
442,0,000229,0,000228,,2026-01-19T19:26:45.8626219+00:00
443,0,000228,0,000228,,2026-01-19T19:26:45.8673651+00:00
444,0,000228,0,000227,,2026-01-19T19:26:45.8731987+00:00
445,0,000227,0,000226,,2026-01-19T19:26:45.8787544+00:00
446,0,000226,0,000225,,2026-01-19T19:26:45.8822571+00:00
447,0,000225,0,000225,,2026-01-19T19:26:45.8861572+00:00
448,0,000225,0,000224,,2026-01-19T19:26:45.8896918+00:00
449,0,000224,0,000223,,2026-01-19T19:26:45.8972634+00:00
450,0,000223,0,000222,1,000000,2026-01-19T19:26:45.9002937+00:00
451,0,000222,0,000222,,2026-01-19T19:26:45.9031842+00:00
452,0,000222,0,000221,,2026-01-19T19:26:45.9071818+00:00
453,0,000221,0,000220,,2026-01-19T19:26:45.9103457+00:00
454,0,000220,0,000220,,2026-01-19T19:26:45.9147696+00:00
455,0,000220,0,000219,,2026-01-19T19:26:45.9187993+00:00
456,0,000219,0,000218,,2026-01-19T19:26:45.9226029+00:00
457,0,000218,0,000218,,2026-01-19T19:26:45.9262382+00:00
458,0,000218,0,000217,,2026-01-19T19:26:45.9297313+00:00
459,0,000217,0,000216,,2026-01-19T19:26:45.9338667+00:00
460,0,000216,0,000216,1,000000,2026-01-19T19:26:45.9372535+00:00
461,0,000216,0,000215,,2026-01-19T19:26:45.9407541+00:00
462,0,000215,0,000214,,2026-01-19T19:26:45.9453284+00:00
463,0,000214,0,000214,,2026-01-19T19:26:45.9519621+00:00
464,0,000214,0,000213,,2026-01-19T19:26:45.9555232+00:00
465,0,000213,0,000212,,2026-01-19T19:26:45.9596962+00:00
466,0,000212,0,000211,,2026-01-19T19:26:45.9639988+00:00
467,0,000211,0,000211,,2026-01-19T19:26:45.9684341+00:00
468,0,000211,0,000210,,2026-01-19T19:26:45.9739368+00:00
469,0,000210,0,000210,,2026-01-19T19:26:45.9783595+00:00
470,0,000210,0,000209,1,000000,2026-01-19T19:26:45.9822421+00:00
471,0,000209,0,000208,,2026-01-19T19:26:45.9858323+00:00
472,0,000208,0,000208,,2026-01-19T19:26:45.9893544+00:00
473,0,000208,0,000207,,2026-01-19T19:26:45.9935421+00:00
474,0,000207,0,000206,,2026-01-19T19:26:45.9973694+00:00
475,0,000206,0,000206,,2026-01-19T19:26:46.0007577+00:00
476,0,000206,0,000205,,2026-01-19T19:26:46.0042978+00:00
477,0,000205,0,000205,,2026-01-19T19:26:46.0104988+00:00
478,0,000205,0,000204,,2026-01-19T19:26:46.0147977+00:00
479,0,000204,0,000203,,2026-01-19T19:26:46.0186413+00:00
480,0,000203,0,000203,1,000000,2026-01-19T19:26:46.0223358+00:00
481,0,000203,0,000202,,2026-01-19T19:26:46.0253423+00:00
482,0,000202,0,000201,,2026-01-19T19:26:46.0297203+00:00
483,0,000201,0,000201,,2026-01-19T19:26:46.0343973+00:00
484,0,000201,0,000200,,2026-01-19T19:26:46.0385500+00:00
485,0,000200,0,000200,,2026-01-19T19:26:46.0420570+00:00
486,0,000200,0,000199,,2026-01-19T19:26:46.0469033+00:00
487,0,000199,0,000198,,2026-01-19T19:26:46.0513333+00:00
488,0,000198,0,000198,,2026-01-19T19:26:46.0551349+00:00
489,0,000198,0,000197,,2026-01-19T19:26:46.0607942+00:00
490,0,000197,0,000196,1,000000,2026-01-19T19:26:46.0647705+00:00
491,0,000196,0,000196,,2026-01-19T19:26:46.0742106+00:00
492,0,000196,0,000195,,2026-01-19T19:26:46.0779474+00:00
493,0,000195,0,000195,,2026-01-19T19:26:46.0810430+00:00
494,0,000195,0,000194,,2026-01-19T19:26:46.0841110+00:00
495,0,000194,0,000193,,2026-01-19T19:26:46.0883461+00:00
496,0,000193,0,000193,,2026-01-19T19:26:46.0917046+00:00
497,0,000193,0,000192,,2026-01-19T19:26:46.0950008+00:00
498,0,000192,0,000192,,2026-01-19T19:26:46.0983540+00:00
499,0,000192,0,000191,,2026-01-19T19:26:46.1027376+00:00
500,0,000191,0,000191,1,000000,2026-01-19T19:26:46.1061753+00:00
501,0,000191,0,000190,,2026-01-19T19:26:46.1097849+00:00
502,0,000190,0,000190,,2026-01-19T19:26:46.1134644+00:00
503,0,000190,0,000189,,2026-01-19T19:26:46.1172174+00:00
504,0,000189,0,000189,,2026-01-19T19:26:46.1239609+00:00
505,0,000189,0,000188,,2026-01-19T19:26:46.1273378+00:00
506,0,000188,0,000187,,2026-01-19T19:26:46.1308877+00:00
507,0,000187,0,000187,,2026-01-19T19:26:46.1345662+00:00
508,0,000187,0,000186,,2026-01-19T19:26:46.1381075+00:00
509,0,000186,0,000186,,2026-01-19T19:26:46.1416292+00:00
510,0,000186,0,000185,1,000000,2026-01-19T19:26:46.1452093+00:00
511,0,000185,0,000185,,2026-01-19T19:26:46.1492942+00:00
512,0,000185,0,000184,,2026-01-19T19:26:46.1543615+00:00
513,0,000184,0,000183,,2026-01-19T19:26:46.1581761+00:00
514,0,000183,0,000183,,2026-01-19T19:26:46.1619715+00:00
515,0,000183,0,000183,,2026-01-19T19:26:46.1658631+00:00
516,0,000183,0,000182,,2026-01-19T19:26:46.1756362+00:00
517,0,000182,0,000181,,2026-01-19T19:26:46.1790888+00:00
518,0,000181,0,000181,,2026-01-19T19:26:46.1825841+00:00
519,0,000181,0,000180,,2026-01-19T19:26:46.1860203+00:00
520,0,000180,0,000180,1,000000,2026-01-19T19:26:46.1906425+00:00
521,0,000180,0,000179,,2026-01-19T19:26:46.1940782+00:00
522,0,000179,0,000179,,2026-01-19T19:26:46.1976825+00:00
523,0,000179,0,000178,,2026-01-19T19:26:46.2012739+00:00
524,0,000178,0,000178,,2026-01-19T19:26:46.2051067+00:00
525,0,000178,0,000177,,2026-01-19T19:26:46.2093119+00:00
526,0,000177,0,000177,,2026-01-19T19:26:46.2127689+00:00
527,0,000177,0,000176,,2026-01-19T19:26:46.2161581+00:00
528,0,000176,0,000176,,2026-01-19T19:26:46.2196495+00:00
529,0,000176,0,000176,,2026-01-19T19:26:46.2258641+00:00
530,0,000176,0,000175,1,000000,2026-01-19T19:26:46.2294042+00:00
531,0,000175,0,000175,,2026-01-19T19:26:46.2329124+00:00
532,0,000175,0,000174,,2026-01-19T19:26:46.2364373+00:00
533,0,000174,0,000174,,2026-01-19T19:26:46.2408364+00:00
534,0,000174,0,000173,,2026-01-19T19:26:46.2445980+00:00
535,0,000173,0,000173,,2026-01-19T19:26:46.2487833+00:00
536,0,000173,0,000172,,2026-01-19T19:26:46.2524606+00:00
537,0,000172,0,000172,,2026-01-19T19:26:46.2561083+00:00
538,0,000172,0,000171,,2026-01-19T19:26:46.2599386+00:00
539,0,000171,0,000171,,2026-01-19T19:26:46.2639169+00:00
540,0,000171,0,000170,1,000000,2026-01-19T19:26:46.2685187+00:00
541,0,000170,0,000170,,2026-01-19T19:26:46.2748407+00:00
542,0,000170,0,000169,,2026-01-19T19:26:46.2786880+00:00
543,0,000169,0,000169,,2026-01-19T19:26:46.2835942+00:00
544,0,000169,0,000168,,2026-01-19T19:26:46.2885583+00:00
545,0,000168,0,000168,,2026-01-19T19:26:46.2931652+00:00
546,0,000168,0,000167,,2026-01-19T19:26:46.2972362+00:00
547,0,000167,0,000167,,2026-01-19T19:26:46.3012018+00:00
548,0,000167,0,000166,,2026-01-19T19:26:46.3057881+00:00
549,0,000166,0,000166,,2026-01-19T19:26:46.3097044+00:00
550,0,000166,0,000165,1,000000,2026-01-19T19:26:46.3136205+00:00
551,0,000165,0,000165,,2026-01-19T19:26:46.3172668+00:00
552,0,000165,0,000165,,2026-01-19T19:26:46.3217091+00:00
553,0,000165,0,000164,,2026-01-19T19:26:46.3276041+00:00
554,0,000164,0,000164,,2026-01-19T19:26:46.3309710+00:00
555,0,000164,0,000163,,2026-01-19T19:26:46.3343110+00:00
556,0,000163,0,000163,,2026-01-19T19:26:46.3378802+00:00
557,0,000163,0,000162,,2026-01-19T19:26:46.3414451+00:00
558,0,000162,0,000162,,2026-01-19T19:26:46.3458629+00:00
559,0,000162,0,000161,,2026-01-19T19:26:46.3495477+00:00
560,0,000161,0,000161,1,000000,2026-01-19T19:26:46.3530956+00:00
561,0,000161,0,000161,,2026-01-19T19:26:46.3567134+00:00
562,0,000161,0,000160,,2026-01-19T19:26:46.3611224+00:00
563,0,000160,0,000160,,2026-01-19T19:26:46.3647391+00:00
564,0,000160,0,000159,,2026-01-19T19:26:46.3710758+00:00
565,0,000159,0,000159,,2026-01-19T19:26:46.3745530+00:00
566,0,000159,0,000158,,2026-01-19T19:26:46.3779563+00:00
567,0,000158,0,000158,,2026-01-19T19:26:46.3814566+00:00
568,0,000158,0,000158,,2026-01-19T19:26:46.3851298+00:00
569,0,000158,0,000157,,2026-01-19T19:26:46.3887333+00:00
570,0,000157,0,000157,1,000000,2026-01-19T19:26:46.3933572+00:00
571,0,000157,0,000156,,2026-01-19T19:26:46.3970525+00:00
572,0,000156,0,000156,,2026-01-19T19:26:46.4006194+00:00
573,0,000156,0,000156,,2026-01-19T19:26:46.4041785+00:00
574,0,000156,0,000155,,2026-01-19T19:26:46.4084533+00:00
575,0,000155,0,000155,,2026-01-19T19:26:46.4136572+00:00
576,0,000155,0,000154,,2026-01-19T19:26:46.4223155+00:00
577,0,000154,0,000154,,2026-01-19T19:26:46.4274371+00:00
578,0,000154,0,000154,,2026-01-19T19:26:46.4319058+00:00
579,0,000154,0,000153,,2026-01-19T19:26:46.4355262+00:00
580,0,000153,0,000153,1,000000,2026-01-19T19:26:46.4392592+00:00
581,0,000153,0,000152,,2026-01-19T19:26:46.4445575+00:00
582,0,000152,0,000152,,2026-01-19T19:26:46.4498328+00:00
583,0,000152,0,000152,,2026-01-19T19:26:46.4552528+00:00
584,0,000152,0,000151,,2026-01-19T19:26:46.4601553+00:00
585,0,000151,0,000151,,2026-01-19T19:26:46.4641998+00:00
586,0,000151,0,000150,,2026-01-19T19:26:46.4685799+00:00
587,0,000150,0,000150,,2026-01-19T19:26:46.4750128+00:00
588,0,000150,0,000150,,2026-01-19T19:26:46.4788976+00:00
589,0,000150,0,000149,,2026-01-19T19:26:46.4824585+00:00
590,0,000149,0,000149,1,000000,2026-01-19T19:26:46.4861001+00:00
591,0,000149,0,000148,,2026-01-19T19:26:46.4898890+00:00
592,0,000148,0,000148,,2026-01-19T19:26:46.4936038+00:00
593,0,000148,0,000148,,2026-01-19T19:26:46.4973593+00:00
594,0,000148,0,000147,,2026-01-19T19:26:46.5020083+00:00
595,0,000147,0,000147,,2026-01-19T19:26:46.5057964+00:00
596,0,000147,0,000147,,2026-01-19T19:26:46.5094971+00:00
597,0,000147,0,000146,,2026-01-19T19:26:46.5134983+00:00
598,0,000146,0,000146,,2026-01-19T19:26:46.5199126+00:00
599,0,000146,0,000146,,2026-01-19T19:26:46.5236395+00:00
600,0,000146,0,000145,1,000000,2026-01-19T19:26:46.5271590+00:00
601,0,000145,0,000145,,2026-01-19T19:26:46.5320959+00:00
602,0,000145,0,000144,,2026-01-19T19:26:46.5361350+00:00
603,0,000144,0,000144,,2026-01-19T19:26:46.5399185+00:00
604,0,000144,0,000144,,2026-01-19T19:26:46.5437867+00:00
605,0,000144,0,000143,,2026-01-19T19:26:46.5475020+00:00
606,0,000143,0,000143,,2026-01-19T19:26:46.5512314+00:00
607,0,000143,0,000143,,2026-01-19T19:26:46.5550506+00:00
608,0,000143,0,000142,,2026-01-19T19:26:46.5588318+00:00
609,0,000142,0,000142,,2026-01-19T19:26:46.5659223+00:00
610,0,000142,0,000141,1,000000,2026-01-19T19:26:46.5702055+00:00
611,0,000141,0,000141,,2026-01-19T19:26:46.5741780+00:00
612,0,000141,0,000141,,2026-01-19T19:26:46.5781920+00:00
613,0,000141,0,000140,,2026-01-19T19:26:46.5820232+00:00
614,0,000140,0,000140,,2026-01-19T19:26:46.5861515+00:00
615,0,000140,0,000140,,2026-01-19T19:26:46.5914519+00:00
616,0,000140,0,000139,,2026-01-19T19:26:46.5984170+00:00
617,0,000139,0,000139,,2026-01-19T19:26:46.6024166+00:00
618,0,000139,0,000139,,2026-01-19T19:26:46.6062347+00:00
619,0,000139,0,000138,,2026-01-19T19:26:46.6130221+00:00
620,0,000138,0,000138,1,000000,2026-01-19T19:26:46.6172221+00:00
621,0,000138,0,000138,,2026-01-19T19:26:46.6215246+00:00
622,0,000138,0,000137,,2026-01-19T19:26:46.6257962+00:00
623,0,000137,0,000137,,2026-01-19T19:26:46.6296190+00:00
624,0,000137,0,000137,,2026-01-19T19:26:46.6343746+00:00
625,0,000137,0,000136,,2026-01-19T19:26:46.6383285+00:00
626,0,000136,0,000136,,2026-01-19T19:26:46.6422492+00:00
627,0,000136,0,000136,,2026-01-19T19:26:46.6463110+00:00
628,0,000136,0,000135,,2026-01-19T19:26:46.6502296+00:00
629,0,000135,0,000135,,2026-01-19T19:26:46.6544071+00:00
630,0,000135,0,000135,1,000000,2026-01-19T19:26:46.6614680+00:00
631,0,000135,0,000134,,2026-01-19T19:26:46.6654672+00:00
632,0,000134,0,000134,,2026-01-19T19:26:46.6693145+00:00
633,0,000134,0,000134,,2026-01-19T19:26:46.6733321+00:00
634,0,000134,0,000133,,2026-01-19T19:26:46.6774586+00:00
635,0,000133,0,000133,,2026-01-19T19:26:46.6817031+00:00
636,0,000133,0,000133,,2026-01-19T19:26:46.6858985+00:00
637,0,000133,0,000132,,2026-01-19T19:26:46.6900766+00:00
638,0,000132,0,000132,,2026-01-19T19:26:46.6950734+00:00
639,0,000132,0,000132,,2026-01-19T19:26:46.6992135+00:00
640,0,000132,0,000131,1,000000,2026-01-19T19:26:46.7057314+00:00
641,0,000131,0,000131,,2026-01-19T19:26:46.7097819+00:00
642,0,000131,0,000131,,2026-01-19T19:26:46.7137400+00:00
643,0,000131,0,000130,,2026-01-19T19:26:46.7184021+00:00
644,0,000130,0,000130,,2026-01-19T19:26:46.7232614+00:00
645,0,000130,0,000130,,2026-01-19T19:26:46.7276320+00:00
646,0,000130,0,000130,,2026-01-19T19:26:46.7328270+00:00
647,0,000130,0,000129,,2026-01-19T19:26:46.7372027+00:00
648,0,000129,0,000129,,2026-01-19T19:26:46.7415957+00:00
649,0,000129,0,000129,,2026-01-19T19:26:46.7460590+00:00
650,0,000129,0,000128,1,000000,2026-01-19T19:26:46.7531545+00:00
651,0,000128,0,000128,,2026-01-19T19:26:46.7575422+00:00
652,0,000128,0,000128,,2026-01-19T19:26:46.7618583+00:00
653,0,000128,0,000127,,2026-01-19T19:26:46.7668757+00:00
654,0,000127,0,000127,,2026-01-19T19:26:46.7710173+00:00
655,0,000127,0,000127,,2026-01-19T19:26:46.7751868+00:00
656,0,000127,0,000127,,2026-01-19T19:26:46.7793609+00:00
657,0,000127,0,000126,,2026-01-19T19:26:46.7838677+00:00
658,0,000126,0,000126,,2026-01-19T19:26:46.7891879+00:00
659,0,000126,0,000126,,2026-01-19T19:26:46.7934674+00:00
660,0,000126,0,000125,1,000000,2026-01-19T19:26:46.8005485+00:00
661,0,000125,0,000125,,2026-01-19T19:26:46.8046872+00:00
662,0,000125,0,000125,,2026-01-19T19:26:46.8086427+00:00
663,0,000125,0,000125,,2026-01-19T19:26:46.8130274+00:00
664,0,000125,0,000124,,2026-01-19T19:26:46.8170875+00:00
665,0,000124,0,000124,,2026-01-19T19:26:46.8214756+00:00
666,0,000124,0,000124,,2026-01-19T19:26:46.8255499+00:00
667,0,000124,0,000123,,2026-01-19T19:26:46.8307826+00:00
668,0,000123,0,000123,,2026-01-19T19:26:46.8353059+00:00
669,0,000123,0,000123,,2026-01-19T19:26:46.8393533+00:00
670,0,000123,0,000122,1,000000,2026-01-19T19:26:46.8460010+00:00
671,0,000122,0,000122,,2026-01-19T19:26:46.8498897+00:00
672,0,000122,0,000122,,2026-01-19T19:26:46.8538462+00:00
673,0,000122,0,000122,,2026-01-19T19:26:46.8579241+00:00
674,0,000122,0,000121,,2026-01-19T19:26:46.8621315+00:00
675,0,000121,0,000121,,2026-01-19T19:26:46.8666183+00:00
676,0,000121,0,000121,,2026-01-19T19:26:46.8711062+00:00
677,0,000121,0,000121,,2026-01-19T19:26:46.8764830+00:00
678,0,000121,0,000120,,2026-01-19T19:26:46.8812537+00:00
679,0,000120,0,000120,,2026-01-19T19:26:46.8886972+00:00
680,0,000120,0,000120,1,000000,2026-01-19T19:26:46.8927200+00:00
681,0,000120,0,000119,,2026-01-19T19:26:46.8968335+00:00
682,0,000119,0,000119,,2026-01-19T19:26:46.9026784+00:00
683,0,000119,0,000119,,2026-01-19T19:26:46.9087133+00:00
684,0,000119,0,000119,,2026-01-19T19:26:46.9146702+00:00
685,0,000119,0,000118,,2026-01-19T19:26:46.9187719+00:00
686,0,000118,0,000118,,2026-01-19T19:26:46.9230087+00:00
687,0,000118,0,000118,,2026-01-19T19:26:46.9280432+00:00
688,0,000118,0,000118,,2026-01-19T19:26:46.9329253+00:00
689,0,000118,0,000117,,2026-01-19T19:26:46.9439376+00:00
690,0,000117,0,000117,1,000000,2026-01-19T19:26:46.9481662+00:00
691,0,000117,0,000117,,2026-01-19T19:26:46.9522325+00:00
692,0,000117,0,000116,,2026-01-19T19:26:46.9563229+00:00
693,0,000116,0,000116,,2026-01-19T19:26:46.9605507+00:00
694,0,000116,0,000116,,2026-01-19T19:26:46.9647215+00:00
695,0,000116,0,000116,,2026-01-19T19:26:46.9689514+00:00
696,0,000116,0,000115,,2026-01-19T19:26:46.9732765+00:00
697,0,000115,0,000115,,2026-01-19T19:26:46.9789624+00:00
698,0,000115,0,000115,,2026-01-19T19:26:46.9859058+00:00
699,0,000115,0,000115,,2026-01-19T19:26:46.9899300+00:00
700,0,000115,0,000114,1,000000,2026-01-19T19:26:46.9939022+00:00
701,0,000114,0,000114,,2026-01-19T19:26:46.9980208+00:00
702,0,000114,0,000114,,2026-01-19T19:26:47.0034247+00:00
703,0,000114,0,000114,,2026-01-19T19:26:47.0076652+00:00
704,0,000114,0,000113,,2026-01-19T19:26:47.0119056+00:00
705,0,000113,0,000113,,2026-01-19T19:26:47.0179273+00:00
706,0,000113,0,000113,,2026-01-19T19:26:47.0281789+00:00
707,0,000113,0,000113,,2026-01-19T19:26:47.0341169+00:00
708,0,000113,0,000112,,2026-01-19T19:26:47.0382825+00:00
709,0,000112,0,000112,,2026-01-19T19:26:47.0424017+00:00
710,0,000112,0,000112,1,000000,2026-01-19T19:26:47.0494180+00:00
711,0,000112,0,000112,,2026-01-19T19:26:47.0553456+00:00
712,0,000112,0,000111,,2026-01-19T19:26:47.0598151+00:00
713,0,000111,0,000111,,2026-01-19T19:26:47.0660158+00:00
714,0,000111,0,000111,,2026-01-19T19:26:47.0706141+00:00
715,0,000111,0,000111,,2026-01-19T19:26:47.0776776+00:00
716,0,000111,0,000110,,2026-01-19T19:26:47.0819053+00:00
717,0,000110,0,000110,,2026-01-19T19:26:47.0861448+00:00
718,0,000110,0,000110,,2026-01-19T19:26:47.0904624+00:00
719,0,000110,0,000110,,2026-01-19T19:26:47.0945047+00:00
720,0,000110,0,000109,1,000000,2026-01-19T19:26:47.0994401+00:00
721,0,000109,0,000109,,2026-01-19T19:26:47.1035355+00:00
722,0,000109,0,000109,,2026-01-19T19:26:47.1077483+00:00
723,0,000109,0,000109,,2026-01-19T19:26:47.1126156+00:00
724,0,000109,0,000109,,2026-01-19T19:26:47.1196071+00:00
725,0,000109,0,000108,,2026-01-19T19:26:47.1238926+00:00
726,0,000108,0,000108,,2026-01-19T19:26:47.1281274+00:00
727,0,000108,0,000108,,2026-01-19T19:26:47.1323387+00:00
728,0,000108,0,000108,,2026-01-19T19:26:47.1363702+00:00
729,0,000108,0,000107,,2026-01-19T19:26:47.1404114+00:00
730,0,000107,0,000107,1,000000,2026-01-19T19:26:47.1464533+00:00
731,0,000107,0,000107,,2026-01-19T19:26:47.1508270+00:00
732,0,000107,0,000107,,2026-01-19T19:26:47.1552225+00:00
733,0,000107,0,000106,,2026-01-19T19:26:47.1624785+00:00
734,0,000106,0,000106,,2026-01-19T19:26:47.1668353+00:00
735,0,000106,0,000106,,2026-01-19T19:26:47.1716051+00:00
736,0,000106,0,000106,,2026-01-19T19:26:47.1762400+00:00
737,0,000106,0,000106,,2026-01-19T19:26:47.1807367+00:00
738,0,000106,0,000105,,2026-01-19T19:26:47.1861368+00:00
739,0,000105,0,000105,,2026-01-19T19:26:47.1917529+00:00
740,0,000105,0,000105,1,000000,2026-01-19T19:26:47.1981950+00:00
741,0,000105,0,000105,,2026-01-19T19:26:47.2049615+00:00
742,0,000105,0,000104,,2026-01-19T19:26:47.2108358+00:00
743,0,000104,0,000104,,2026-01-19T19:26:47.2155376+00:00
744,0,000104,0,000104,,2026-01-19T19:26:47.2231464+00:00
745,0,000104,0,000104,,2026-01-19T19:26:47.2276877+00:00
746,0,000104,0,000104,,2026-01-19T19:26:47.2325176+00:00
747,0,000104,0,000103,,2026-01-19T19:26:47.2366821+00:00
748,0,000103,0,000103,,2026-01-19T19:26:47.2408214+00:00
749,0,000103,0,000103,,2026-01-19T19:26:47.2451442+00:00
750,0,000103,0,000103,1,000000,2026-01-19T19:26:47.2495448+00:00
751,0,000103,0,000102,,2026-01-19T19:26:47.2568769+00:00
752,0,000102,0,000102,,2026-01-19T19:26:47.2610971+00:00
753,0,000102,0,000102,,2026-01-19T19:26:47.2652495+00:00
754,0,000102,0,000102,,2026-01-19T19:26:47.2705000+00:00
755,0,000102,0,000102,,2026-01-19T19:26:47.2748518+00:00
756,0,000102,0,000101,,2026-01-19T19:26:47.2789795+00:00
757,0,000101,0,000101,,2026-01-19T19:26:47.2831916+00:00
758,0,000101,0,000101,,2026-01-19T19:26:47.2882552+00:00
759,0,000101,0,000101,,2026-01-19T19:26:47.2941648+00:00
760,0,000101,0,000101,1,000000,2026-01-19T19:26:47.3006852+00:00
761,0,000101,0,000100,,2026-01-19T19:26:47.3058865+00:00
762,0,000100,0,000100,,2026-01-19T19:26:47.3103996+00:00
763,0,000100,0,000100,,2026-01-19T19:26:47.3148268+00:00
764,0,000100,0,000100,,2026-01-19T19:26:47.3200485+00:00
765,0,000100,0,000099,,2026-01-19T19:26:47.3249606+00:00
766,0,000099,0,000099,,2026-01-19T19:26:47.3300853+00:00
767,0,000099,0,000099,,2026-01-19T19:26:47.3347386+00:00
768,0,000099,0,000099,,2026-01-19T19:26:47.3403527+00:00
769,0,000099,0,000099,,2026-01-19T19:26:47.3460856+00:00
770,0,000099,0,000099,1,000000,2026-01-19T19:26:47.3505783+00:00
771,0,000099,0,000098,,2026-01-19T19:26:47.3551304+00:00
772,0,000098,0,000098,,2026-01-19T19:26:47.3596855+00:00
773,0,000098,0,000098,,2026-01-19T19:26:47.3645814+00:00
774,0,000098,0,000098,,2026-01-19T19:26:47.3691865+00:00
775,0,000098,0,000097,,2026-01-19T19:26:47.3741242+00:00
776,0,000097,0,000097,,2026-01-19T19:26:47.3787202+00:00
777,0,000097,0,000097,,2026-01-19T19:26:47.3840273+00:00
778,0,000097,0,000097,,2026-01-19T19:26:47.3902413+00:00
779,0,000097,0,000097,,2026-01-19T19:26:47.3960418+00:00
780,0,000097,0,000096,1,000000,2026-01-19T19:26:47.4006671+00:00
781,0,000096,0,000096,,2026-01-19T19:26:47.4050810+00:00
782,0,000096,0,000096,,2026-01-19T19:26:47.4103744+00:00
783,0,000096,0,000096,,2026-01-19T19:26:47.4147273+00:00
784,0,000096,0,000096,,2026-01-19T19:26:47.4190557+00:00
785,0,000096,0,000096,,2026-01-19T19:26:47.4234973+00:00
786,0,000096,0,000095,,2026-01-19T19:26:47.4279872+00:00
787,0,000095,0,000095,,2026-01-19T19:26:47.4338591+00:00
788,0,000095,0,000095,,2026-01-19T19:26:47.4382038+00:00
789,0,000095,0,000095,,2026-01-19T19:26:47.4425978+00:00
790,0,000095,0,000095,1,000000,2026-01-19T19:26:47.4470584+00:00
791,0,000095,0,000094,,2026-01-19T19:26:47.4514966+00:00
792,0,000094,0,000094,,2026-01-19T19:26:47.4558805+00:00
793,0,000094,0,000094,,2026-01-19T19:26:47.4602693+00:00
794,0,000094,0,000094,,2026-01-19T19:26:47.4655935+00:00
795,0,000094,0,000094,,2026-01-19T19:26:47.4720080+00:00
796,0,000094,0,000093,,2026-01-19T19:26:47.4804949+00:00
797,0,000093,0,000093,,2026-01-19T19:26:47.4879628+00:00
798,0,000093,0,000093,,2026-01-19T19:26:47.4924641+00:00
799,0,000093,0,000093,,2026-01-19T19:26:47.4978633+00:00
800,0,000093,0,000093,1,000000,2026-01-19T19:26:47.5039712+00:00
801,0,000093,0,000092,,2026-01-19T19:26:47.5088853+00:00
802,0,000092,0,000092,,2026-01-19T19:26:47.5149209+00:00
803,0,000092,0,000092,,2026-01-19T19:26:47.5199637+00:00
804,0,000092,0,000092,,2026-01-19T19:26:47.5265076+00:00
805,0,000092,0,000092,,2026-01-19T19:26:47.5319813+00:00
806,0,000092,0,000092,,2026-01-19T19:26:47.5365125+00:00
807,0,000092,0,000091,,2026-01-19T19:26:47.5410603+00:00
808,0,000091,0,000091,,2026-01-19T19:26:47.5465416+00:00
809,0,000091,0,000091,,2026-01-19T19:26:47.5530874+00:00
810,0,000091,0,000091,1,000000,2026-01-19T19:26:47.5589767+00:00
811,0,000091,0,000091,,2026-01-19T19:26:47.5635581+00:00
812,0,000091,0,000090,,2026-01-19T19:26:47.5682177+00:00
813,0,000090,0,000090,,2026-01-19T19:26:47.5752174+00:00
814,0,000090,0,000090,,2026-01-19T19:26:47.5797695+00:00
815,0,000090,0,000090,,2026-01-19T19:26:47.5842468+00:00
816,0,000090,0,000090,,2026-01-19T19:26:47.5887430+00:00
817,0,000090,0,000090,,2026-01-19T19:26:47.5932280+00:00
818,0,000090,0,000089,,2026-01-19T19:26:47.5985303+00:00
819,0,000089,0,000089,,2026-01-19T19:26:47.6030561+00:00
820,0,000089,0,000089,1,000000,2026-01-19T19:26:47.6075300+00:00
821,0,000089,0,000089,,2026-01-19T19:26:47.6132031+00:00
822,0,000089,0,000089,,2026-01-19T19:26:47.6200732+00:00
823,0,000089,0,000089,,2026-01-19T19:26:47.6269605+00:00
824,0,000089,0,000088,,2026-01-19T19:26:47.6344451+00:00
825,0,000088,0,000088,,2026-01-19T19:26:47.6412783+00:00
826,0,000088,0,000088,,2026-01-19T19:26:47.6481093+00:00
827,0,000088,0,000088,,2026-01-19T19:26:47.6525942+00:00
828,0,000088,0,000088,,2026-01-19T19:26:47.6572433+00:00
829,0,000088,0,000088,,2026-01-19T19:26:47.6626540+00:00
830,0,000088,0,000087,1,000000,2026-01-19T19:26:47.6694958+00:00
831,0,000087,0,000087,,2026-01-19T19:26:47.6754075+00:00
832,0,000087,0,000087,,2026-01-19T19:26:47.6822762+00:00
833,0,000087,0,000087,,2026-01-19T19:26:47.6876601+00:00
834,0,000087,0,000087,,2026-01-19T19:26:47.6931046+00:00
835,0,000087,0,000087,,2026-01-19T19:26:47.6992508+00:00
836,0,000087,0,000086,,2026-01-19T19:26:47.7042172+00:00
837,0,000086,0,000086,,2026-01-19T19:26:47.7093462+00:00
838,0,000086,0,000086,,2026-01-19T19:26:47.7158446+00:00
839,0,000086,0,000086,,2026-01-19T19:26:47.7227720+00:00
840,0,000086,0,000086,1,000000,2026-01-19T19:26:47.7274874+00:00
841,0,000086,0,000086,,2026-01-19T19:26:47.7320699+00:00
842,0,000086,0,000085,,2026-01-19T19:26:47.7374194+00:00
843,0,000085,0,000085,,2026-01-19T19:26:47.7419255+00:00
844,0,000085,0,000085,,2026-01-19T19:26:47.7464874+00:00
845,0,000085,0,000085,,2026-01-19T19:26:47.7509821+00:00
846,0,000085,0,000085,,2026-01-19T19:26:47.7555610+00:00
847,0,000085,0,000085,,2026-01-19T19:26:47.7622449+00:00
848,0,000085,0,000084,,2026-01-19T19:26:47.7673395+00:00
849,0,000084,0,000084,,2026-01-19T19:26:47.7719822+00:00
850,0,000084,0,000084,1,000000,2026-01-19T19:26:47.7780357+00:00
851,0,000084,0,000084,,2026-01-19T19:26:47.7838197+00:00
852,0,000084,0,000084,,2026-01-19T19:26:47.7910596+00:00
853,0,000084,0,000084,,2026-01-19T19:26:47.7999630+00:00
854,0,000084,0,000084,,2026-01-19T19:26:47.8052230+00:00
855,0,000084,0,000083,,2026-01-19T19:26:47.8099457+00:00
856,0,000083,0,000083,,2026-01-19T19:26:47.8177971+00:00
857,0,000083,0,000083,,2026-01-19T19:26:47.8225169+00:00
858,0,000083,0,000083,,2026-01-19T19:26:47.8275760+00:00
859,0,000083,0,000083,,2026-01-19T19:26:47.8325199+00:00
860,0,000083,0,000083,1,000000,2026-01-19T19:26:47.8374323+00:00
861,0,000083,0,000082,,2026-01-19T19:26:47.8420380+00:00
862,0,000082,0,000082,,2026-01-19T19:26:47.8467258+00:00
863,0,000082,0,000082,,2026-01-19T19:26:47.8515356+00:00
864,0,000082,0,000082,,2026-01-19T19:26:47.8576048+00:00
865,0,000082,0,000082,,2026-01-19T19:26:47.8623095+00:00
866,0,000082,0,000082,,2026-01-19T19:26:47.8676766+00:00
867,0,000082,0,000081,,2026-01-19T19:26:47.8725239+00:00
868,0,000081,0,000081,,2026-01-19T19:26:47.8772336+00:00
869,0,000081,0,000081,,2026-01-19T19:26:47.8826366+00:00
870,0,000081,0,000081,1,000000,2026-01-19T19:26:47.8873711+00:00
871,0,000081,0,000081,,2026-01-19T19:26:47.8920971+00:00
872,0,000081,0,000081,,2026-01-19T19:26:47.8992197+00:00
873,0,000081,0,000081,,2026-01-19T19:26:47.9046606+00:00
874,0,000081,0,000080,,2026-01-19T19:26:47.9100790+00:00
875,0,000080,0,000080,,2026-01-19T19:26:47.9178364+00:00
876,0,000080,0,000080,,2026-01-19T19:26:47.9242919+00:00
877,0,000080,0,000080,,2026-01-19T19:26:47.9305522+00:00
878,0,000080,0,000080,,2026-01-19T19:26:47.9375034+00:00
879,0,000080,0,000080,,2026-01-19T19:26:47.9437421+00:00
880,0,000080,0,000080,1,000000,2026-01-19T19:26:47.9510233+00:00
881,0,000080,0,000079,,2026-01-19T19:26:47.9579910+00:00
882,0,000079,0,000079,,2026-01-19T19:26:47.9649099+00:00
883,0,000079,0,000079,,2026-01-19T19:26:47.9696131+00:00
884,0,000079,0,000079,,2026-01-19T19:26:47.9746461+00:00
885,0,000079,0,000079,,2026-01-19T19:26:47.9802152+00:00
886,0,000079,0,000079,,2026-01-19T19:26:47.9855283+00:00
887,0,000079,0,000079,,2026-01-19T19:26:47.9910772+00:00
888,0,000079,0,000078,,2026-01-19T19:26:47.9978637+00:00
889,0,000078,0,000078,,2026-01-19T19:26:48.0028395+00:00
890,0,000078,0,000078,1,000000,2026-01-19T19:26:48.0078189+00:00
891,0,000078,0,000078,,2026-01-19T19:26:48.0128774+00:00
892,0,000078,0,000078,,2026-01-19T19:26:48.0184984+00:00
893,0,000078,0,000078,,2026-01-19T19:26:48.0235610+00:00
894,0,000078,0,000078,,2026-01-19T19:26:48.0286832+00:00
895,0,000078,0,000077,,2026-01-19T19:26:48.0347035+00:00
896,0,000077,0,000077,,2026-01-19T19:26:48.0410779+00:00
897,0,000077,0,000077,,2026-01-19T19:26:48.0462542+00:00
898,0,000077,0,000077,,2026-01-19T19:26:48.0517947+00:00
899,0,000077,0,000077,,2026-01-19T19:26:48.0565747+00:00
900,0,000077,0,000077,1,000000,2026-01-19T19:26:48.0612621+00:00
901,0,000077,0,000077,,2026-01-19T19:26:48.0669522+00:00
902,0,000077,0,000076,,2026-01-19T19:26:48.0719532+00:00
903,0,000076,0,000076,,2026-01-19T19:26:48.0770331+00:00
904,0,000076,0,000076,,2026-01-19T19:26:48.0847810+00:00
905,0,000076,0,000076,,2026-01-19T19:26:48.0900340+00:00
906,0,000076,0,000076,,2026-01-19T19:26:48.0951723+00:00
907,0,000076,0,000076,,2026-01-19T19:26:48.1021249+00:00
908,0,000076,0,000076,,2026-01-19T19:26:48.1092643+00:00
909,0,000076,0,000075,,2026-01-19T19:26:48.1144640+00:00
910,0,000075,0,000075,1,000000,2026-01-19T19:26:48.1228990+00:00
911,0,000075,0,000075,,2026-01-19T19:26:48.1315550+00:00
912,0,000075,0,000075,,2026-01-19T19:26:48.1369835+00:00
913,0,000075,0,000075,,2026-01-19T19:26:48.1428865+00:00
914,0,000075,0,000075,,2026-01-19T19:26:48.1483005+00:00
915,0,000075,0,000075,,2026-01-19T19:26:48.1539515+00:00
916,0,000075,0,000075,,2026-01-19T19:26:48.1601120+00:00
917,0,000075,0,000074,,2026-01-19T19:26:48.1655457+00:00
918,0,000074,0,000074,,2026-01-19T19:26:48.1708073+00:00
919,0,000074,0,000074,,2026-01-19T19:26:48.1784158+00:00
920,0,000074,0,000074,1,000000,2026-01-19T19:26:48.1835837+00:00
921,0,000074,0,000074,,2026-01-19T19:26:48.1886794+00:00
922,0,000074,0,000074,,2026-01-19T19:26:48.1949324+00:00
923,0,000074,0,000074,,2026-01-19T19:26:48.2001136+00:00
924,0,000074,0,000073,,2026-01-19T19:26:48.2054300+00:00
925,0,000073,0,000073,,2026-01-19T19:26:48.2107689+00:00
926,0,000073,0,000073,,2026-01-19T19:26:48.2185546+00:00
927,0,000073,0,000073,,2026-01-19T19:26:48.2240369+00:00
928,0,000073,0,000073,,2026-01-19T19:26:48.2295489+00:00
929,0,000073,0,000073,,2026-01-19T19:26:48.2348577+00:00
930,0,000073,0,000073,1,000000,2026-01-19T19:26:48.2402311+00:00
931,0,000073,0,000073,,2026-01-19T19:26:48.2462642+00:00
932,0,000073,0,000072,,2026-01-19T19:26:48.2518104+00:00
933,0,000072,0,000072,,2026-01-19T19:26:48.2598951+00:00
934,0,000072,0,000072,,2026-01-19T19:26:48.2659271+00:00
935,0,000072,0,000072,,2026-01-19T19:26:48.2755694+00:00
936,0,000072,0,000072,,2026-01-19T19:26:48.2806085+00:00
937,0,000072,0,000072,,2026-01-19T19:26:48.2855503+00:00
938,0,000072,0,000072,,2026-01-19T19:26:48.2908680+00:00
939,0,000072,0,000072,,2026-01-19T19:26:48.2968049+00:00
940,0,000072,0,000071,1,000000,2026-01-19T19:26:48.3061961+00:00
941,0,000071,0,000071,,2026-01-19T19:26:48.3111602+00:00
942,0,000071,0,000071,,2026-01-19T19:26:48.3160999+00:00
943,0,000071,0,000071,,2026-01-19T19:26:48.3211696+00:00
944,0,000071,0,000071,,2026-01-19T19:26:48.3264044+00:00
945,0,000071,0,000071,,2026-01-19T19:26:48.3318034+00:00
946,0,000071,0,000071,,2026-01-19T19:26:48.3370738+00:00
947,0,000071,0,000071,,2026-01-19T19:26:48.3447104+00:00
948,0,000071,0,000070,,2026-01-19T19:26:48.3496169+00:00
949,0,000070,0,000070,,2026-01-19T19:26:48.3546138+00:00
950,0,000070,0,000070,1,000000,2026-01-19T19:26:48.3595254+00:00
951,0,000070,0,000070,,2026-01-19T19:26:48.3645195+00:00
952,0,000070,0,000070,,2026-01-19T19:26:48.3704595+00:00
953,0,000070,0,000070,,2026-01-19T19:26:48.3757765+00:00
954,0,000070,0,000070,,2026-01-19T19:26:48.3831942+00:00
955,0,000070,0,000070,,2026-01-19T19:26:48.3892396+00:00
956,0,000070,0,000069,,2026-01-19T19:26:48.3949397+00:00
957,0,000069,0,000069,,2026-01-19T19:26:48.3999994+00:00
958,0,000069,0,000069,,2026-01-19T19:26:48.4053140+00:00
959,0,000069,0,000069,,2026-01-19T19:26:48.4108281+00:00
960,0,000069,0,000069,1,000000,2026-01-19T19:26:48.4165068+00:00
961,0,000069,0,000069,,2026-01-19T19:26:48.4232224+00:00
962,0,000069,0,000069,,2026-01-19T19:26:48.4297258+00:00
963,0,000069,0,000069,,2026-01-19T19:26:48.4351176+00:00
964,0,000069,0,000069,,2026-01-19T19:26:48.4411939+00:00
965,0,000069,0,000068,,2026-01-19T19:26:48.4468980+00:00
966,0,000068,0,000068,,2026-01-19T19:26:48.4522977+00:00
967,0,000068,0,000068,,2026-01-19T19:26:48.4582287+00:00
968,0,000068,0,000068,,2026-01-19T19:26:48.4635019+00:00
969,0,000068,0,000068,,2026-01-19T19:26:48.4709413+00:00
970,0,000068,0,000068,1,000000,2026-01-19T19:26:48.4760872+00:00
971,0,000068,0,000068,,2026-01-19T19:26:48.4812056+00:00
972,0,000068,0,000068,,2026-01-19T19:26:48.4862893+00:00
973,0,000068,0,000068,,2026-01-19T19:26:48.4914123+00:00
974,0,000068,0,000067,,2026-01-19T19:26:48.4964815+00:00
975,0,000067,0,000067,,2026-01-19T19:26:48.5015747+00:00
976,0,000067,0,000067,,2026-01-19T19:26:48.5084120+00:00
977,0,000067,0,000067,,2026-01-19T19:26:48.5139569+00:00
978,0,000067,0,000067,,2026-01-19T19:26:48.5199196+00:00
979,0,000067,0,000067,,2026-01-19T19:26:48.5266900+00:00
980,0,000067,0,000067,1,000000,2026-01-19T19:26:48.5356433+00:00
981,0,000067,0,000067,,2026-01-19T19:26:48.5439200+00:00
982,0,000067,0,000066,,2026-01-19T19:26:48.5500837+00:00
983,0,000066,0,000066,,2026-01-19T19:26:48.5561893+00:00
984,0,000066,0,000066,,2026-01-19T19:26:48.5633474+00:00
985,0,000066,0,000066,,2026-01-19T19:26:48.5728272+00:00
986,0,000066,0,000066,,2026-01-19T19:26:48.5800560+00:00
987,0,000066,0,000066,,2026-01-19T19:26:48.5852567+00:00
988,0,000066,0,000066,,2026-01-19T19:26:48.5911094+00:00
989,0,000066,0,000066,,2026-01-19T19:26:48.5962015+00:00
990,0,000066,0,000066,1,000000,2026-01-19T19:26:48.6016330+00:00
991,0,000066,0,000066,,2026-01-19T19:26:48.6089250+00:00
992,0,000066,0,000065,,2026-01-19T19:26:48.6140315+00:00
993,0,000065,0,000065,,2026-01-19T19:26:48.6191064+00:00
994,0,000065,0,000065,,2026-01-19T19:26:48.6242632+00:00
995,0,000065,0,000065,,2026-01-19T19:26:48.6298029+00:00
996,0,000065,0,000065,,2026-01-19T19:26:48.6349354+00:00
997,0,000065,0,000065,,2026-01-19T19:26:48.6405229+00:00
998,0,000065,0,000065,,2026-01-19T19:26:48.6477594+00:00
999,0,000065,0,000065,,2026-01-19T19:26:48.6537083+00:00
1000,0,000065,0,000065,1,000000,2026-01-19T19:26:48.6588325+00:00
1001,0,000065,0,000064,,2026-01-19T19:26:48.6659656+00:00
1002,0,000064,0,000064,,2026-01-19T19:26:48.6714358+00:00
1003,0,000064,0,000064,,2026-01-19T19:26:48.6769417+00:00
1004,0,000064,0,000064,,2026-01-19T19:26:48.6835976+00:00
1005,0,000064,0,000064,,2026-01-19T19:26:48.6925800+00:00
1006,0,000064,0,000064,,2026-01-19T19:26:48.6983438+00:00
1007,0,000064,0,000064,,2026-01-19T19:26:48.7036456+00:00
1008,0,000064,0,000064,,2026-01-19T19:26:48.7089586+00:00
1009,0,000064,0,000064,,2026-01-19T19:26:48.7150431+00:00
1010,0,000064,0,000063,1,000000,2026-01-19T19:26:48.7207141+00:00
1011,0,000063,0,000063,,2026-01-19T19:26:48.7270518+00:00
1012,0,000063,0,000063,,2026-01-19T19:26:48.7349529+00:00
1013,0,000063,0,000063,,2026-01-19T19:26:48.7410322+00:00
1014,0,000063,0,000063,,2026-01-19T19:26:48.7476892+00:00
1015,0,000063,0,000063,,2026-01-19T19:26:48.7531029+00:00
1016,0,000063,0,000063,,2026-01-19T19:26:48.7591657+00:00
1017,0,000063,0,000063,,2026-01-19T19:26:48.7645540+00:00
1018,0,000063,0,000063,,2026-01-19T19:26:48.7699231+00:00
1019,0,000063,0,000063,,2026-01-19T19:26:48.7774680+00:00
1020,0,000063,0,000062,1,000000,2026-01-19T19:26:48.7827781+00:00
1021,0,000062,0,000062,,2026-01-19T19:26:48.7879893+00:00
1022,0,000062,0,000062,,2026-01-19T19:26:48.7941203+00:00
1023,0,000062,0,000062,,2026-01-19T19:26:48.8000666+00:00
1024,0,000062,0,000062,,2026-01-19T19:26:48.8069477+00:00
1025,0,000062,0,000062,,2026-01-19T19:26:48.8124085+00:00
1026,0,000062,0,000062,,2026-01-19T19:26:48.8213415+00:00
1027,0,000062,0,000062,,2026-01-19T19:26:48.8274212+00:00
1028,0,000062,0,000062,,2026-01-19T19:26:48.8353221+00:00
1029,0,000062,0,000062,,2026-01-19T19:26:48.8434247+00:00
1030,0,000062,0,000061,1,000000,2026-01-19T19:26:48.8502580+00:00
1031,0,000061,0,000061,,2026-01-19T19:26:48.8559663+00:00
1032,0,000061,0,000061,,2026-01-19T19:26:48.8618844+00:00
1033,0,000061,0,000061,,2026-01-19T19:26:48.8694857+00:00
1034,0,000061,0,000061,,2026-01-19T19:26:48.8747988+00:00
1035,0,000061,0,000061,,2026-01-19T19:26:48.8815960+00:00
1036,0,000061,0,000061,,2026-01-19T19:26:48.8869828+00:00
1037,0,000061,0,000061,,2026-01-19T19:26:48.8924897+00:00
1038,0,000061,0,000061,,2026-01-19T19:26:48.8978647+00:00
1039,0,000061,0,000061,,2026-01-19T19:26:48.9036559+00:00
1040,0,000061,0,000060,1,000000,2026-01-19T19:26:48.9108682+00:00
1041,0,000060,0,000060,,2026-01-19T19:26:48.9169013+00:00
1042,0,000060,0,000060,,2026-01-19T19:26:48.9235482+00:00
1043,0,000060,0,000060,,2026-01-19T19:26:48.9290646+00:00
1044,0,000060,0,000060,,2026-01-19T19:26:48.9355816+00:00
1045,0,000060,0,000060,,2026-01-19T19:26:48.9408974+00:00
1046,0,000060,0,000060,,2026-01-19T19:26:48.9464534+00:00
1047,0,000060,0,000060,,2026-01-19T19:26:48.9539299+00:00
1048,0,000060,0,000060,,2026-01-19T19:26:48.9595990+00:00
1049,0,000060,0,000060,,2026-01-19T19:26:48.9656574+00:00
1050,0,000060,0,000060,1,000000,2026-01-19T19:26:48.9712969+00:00
1051,0,000060,0,000059,,2026-01-19T19:26:48.9769295+00:00
1052,0,000059,0,000059,,2026-01-19T19:26:48.9827755+00:00
1053,0,000059,0,000059,,2026-01-19T19:26:48.9896877+00:00
1054,0,000059,0,000059,,2026-01-19T19:26:48.9969451+00:00
1055,0,000059,0,000059,,2026-01-19T19:26:49.0030352+00:00
1056,0,000059,0,000059,,2026-01-19T19:26:49.0112962+00:00
1057,0,000059,0,000059,,2026-01-19T19:26:49.0196370+00:00
1058,0,000059,0,000059,,2026-01-19T19:26:49.0278350+00:00
1059,0,000059,0,000059,,2026-01-19T19:26:49.0358571+00:00
1060,0,000059,0,000059,1,000000,2026-01-19T19:26:49.0483612+00:00
1061,0,000059,0,000058,,2026-01-19T19:26:49.0573295+00:00
1062,0,000058,0,000058,,2026-01-19T19:26:49.0679228+00:00
1063,0,000058,0,000058,,2026-01-19T19:26:49.0777396+00:00
1064,0,000058,0,000058,,2026-01-19T19:26:49.0860546+00:00
1065,0,000058,0,000058,,2026-01-19T19:26:49.0942810+00:00
1066,0,000058,0,000058,,2026-01-19T19:26:49.1032516+00:00
1067,0,000058,0,000058,,2026-01-19T19:26:49.1157645+00:00
1068,0,000058,0,000058,,2026-01-19T19:26:49.1246314+00:00
1069,0,000058,0,000058,,2026-01-19T19:26:49.1331288+00:00
1070,0,000058,0,000058,1,000000,2026-01-19T19:26:49.1422079+00:00
1071,0,000058,0,000058,,2026-01-19T19:26:49.1515590+00:00
1072,0,000058,0,000058,,2026-01-19T19:26:49.1605305+00:00
1073,0,000058,0,000057,,2026-01-19T19:26:49.1727987+00:00
1074,0,000057,0,000057,,2026-01-19T19:26:49.1811402+00:00
1075,0,000057,0,000057,,2026-01-19T19:26:49.1895879+00:00
1076,0,000057,0,000057,,2026-01-19T19:26:49.1988108+00:00
1077,0,000057,0,000057,,2026-01-19T19:26:49.2122947+00:00
1078,0,000057,0,000057,,2026-01-19T19:26:49.2253425+00:00
1079,0,000057,0,000057,,2026-01-19T19:26:49.2420797+00:00
1080,0,000057,0,000057,1,000000,2026-01-19T19:26:49.2573449+00:00
1081,0,000057,0,000057,,2026-01-19T19:26:49.2681909+00:00
1082,0,000057,0,000057,,2026-01-19T19:26:49.2788876+00:00
1083,0,000057,0,000057,,2026-01-19T19:26:49.2991821+00:00
1084,0,000057,0,000056,,2026-01-19T19:26:49.3094596+00:00
1085,0,000056,0,000056,,2026-01-19T19:26:49.3254369+00:00
1086,0,000056,0,000056,,2026-01-19T19:26:49.3374986+00:00
1087,0,000056,0,000056,,2026-01-19T19:26:49.3524177+00:00
1088,0,000056,0,000056,,2026-01-19T19:26:49.3648833+00:00
1089,0,000056,0,000056,,2026-01-19T19:26:49.3950102+00:00
1090,0,000056,0,000056,1,000000,2026-01-19T19:26:49.4076908+00:00
1091,0,000056,0,000056,,2026-01-19T19:26:49.4216442+00:00
1092,0,000056,0,000056,,2026-01-19T19:26:49.4296206+00:00
1093,0,000056,0,000056,,2026-01-19T19:26:49.4382219+00:00
1094,0,000056,0,000056,,2026-01-19T19:26:49.4468952+00:00
1095,0,000056,0,000055,,2026-01-19T19:26:49.4555651+00:00
1096,0,000055,0,000055,,2026-01-19T19:26:49.4646805+00:00
1097,0,000055,0,000055,,2026-01-19T19:26:49.4774159+00:00
1098,0,000055,0,000055,,2026-01-19T19:26:49.4859896+00:00
1099,0,000055,0,000055,,2026-01-19T19:26:49.4947544+00:00
1100,0,000055,0,000055,1,000000,2026-01-19T19:26:49.5051030+00:00
1101,0,000055,0,000055,,2026-01-19T19:26:49.5152810+00:00
1102,0,000055,0,000055,,2026-01-19T19:26:49.5363268+00:00
1103,0,000055,0,000055,,2026-01-19T19:26:49.5471881+00:00
1104,0,000055,0,000055,,2026-01-19T19:26:49.5535221+00:00
1105,0,000055,0,000055,,2026-01-19T19:26:49.5626694+00:00
1106,0,000055,0,000055,,2026-01-19T19:26:49.5710775+00:00
1107,0,000055,0,000054,,2026-01-19T19:26:49.5812727+00:00
1108,0,000054,0,000054,,2026-01-19T19:26:49.5899781+00:00
1109,0,000054,0,000054,,2026-01-19T19:26:49.6035804+00:00
1110,0,000054,0,000054,1,000000,2026-01-19T19:26:49.6207244+00:00
1111,0,000054,0,000054,,2026-01-19T19:26:49.6450766+00:00
1112,0,000054,0,000054,,2026-01-19T19:26:49.6632809+00:00
1113,0,000054,0,000054,,2026-01-19T19:26:49.6769764+00:00
1114,0,000054,0,000054,,2026-01-19T19:26:49.6838316+00:00
1115,0,000054,0,000054,,2026-01-19T19:26:49.6890924+00:00
1116,0,000054,0,000054,,2026-01-19T19:26:49.6977876+00:00
1117,0,000054,0,000054,,2026-01-19T19:26:49.7040723+00:00
1118,0,000054,0,000054,,2026-01-19T19:26:49.7109267+00:00
1119,0,000054,0,000054,,2026-01-19T19:26:49.7168523+00:00
1120,0,000054,0,000053,1,000000,2026-01-19T19:26:49.7230329+00:00
1121,0,000053,0,000053,,2026-01-19T19:26:49.7298502+00:00
1122,0,000053,0,000053,,2026-01-19T19:26:49.7382772+00:00
1123,0,000053,0,000053,,2026-01-19T19:26:49.7476227+00:00
1124,0,000053,0,000053,,2026-01-19T19:26:49.7567622+00:00
1125,0,000053,0,000053,,2026-01-19T19:26:49.7635798+00:00
1126,0,000053,0,000053,,2026-01-19T19:26:49.7697784+00:00
1127,0,000053,0,000053,,2026-01-19T19:26:49.7762713+00:00
1128,0,000053,0,000053,,2026-01-19T19:26:49.7849712+00:00
1129,0,000053,0,000053,,2026-01-19T19:26:49.7956652+00:00
1130,0,000053,0,000053,1,000000,2026-01-19T19:26:49.8015481+00:00
1131,0,000053,0,000053,,2026-01-19T19:26:49.8078013+00:00
1132,0,000053,0,000052,,2026-01-19T19:26:49.8163689+00:00
1133,0,000052,0,000052,,2026-01-19T19:26:49.8220583+00:00
1134,0,000052,0,000052,,2026-01-19T19:26:49.8279591+00:00
1135,0,000052,0,000052,,2026-01-19T19:26:49.8356550+00:00
1136,0,000052,0,000052,,2026-01-19T19:26:49.8418010+00:00
1137,0,000052,0,000052,,2026-01-19T19:26:49.8478993+00:00
1138,0,000052,0,000052,,2026-01-19T19:26:49.8539467+00:00
1139,0,000052,0,000052,,2026-01-19T19:26:49.8607353+00:00
1140,0,000052,0,000052,1,000000,2026-01-19T19:26:49.8667741+00:00
1141,0,000052,0,000052,,2026-01-19T19:26:49.8728866+00:00
1142,0,000052,0,000052,,2026-01-19T19:26:49.8812166+00:00
1143,0,000052,0,000052,,2026-01-19T19:26:49.8893217+00:00
1144,0,000052,0,000052,,2026-01-19T19:26:49.8993699+00:00
1145,0,000052,0,000051,,2026-01-19T19:26:49.9092443+00:00
1146,0,000051,0,000051,,2026-01-19T19:26:49.9174240+00:00
1147,0,000051,0,000051,,2026-01-19T19:26:49.9233500+00:00
1148,0,000051,0,000051,,2026-01-19T19:26:49.9352896+00:00
1149,0,000051,0,000051,,2026-01-19T19:26:49.9412986+00:00
1150,0,000051,0,000051,1,000000,2026-01-19T19:26:49.9482128+00:00
1151,0,000051,0,000051,,2026-01-19T19:26:49.9605306+00:00
1152,0,000051,0,000051,,2026-01-19T19:26:49.9671229+00:00
1153,0,000051,0,000051,,2026-01-19T19:26:49.9741368+00:00
1154,0,000051,0,000051,,2026-01-19T19:26:49.9818552+00:00
1155,0,000051,0,000051,,2026-01-19T19:26:49.9879695+00:00
1156,0,000051,0,000051,,2026-01-19T19:26:49.9941131+00:00
1157,0,000051,0,000051,,2026-01-19T19:26:50.0001076+00:00
1158,0,000051,0,000051,,2026-01-19T19:26:50.0061276+00:00
1159,0,000051,0,000050,,2026-01-19T19:26:50.0122737+00:00
1160,0,000050,0,000050,1,000000,2026-01-19T19:26:50.0220735+00:00
1161,0,000050,0,000050,,2026-01-19T19:26:50.0282632+00:00
1162,0,000050,0,000050,,2026-01-19T19:26:50.0344437+00:00
1163,0,000050,0,000050,,2026-01-19T19:26:50.0407943+00:00
1164,0,000050,0,000050,,2026-01-19T19:26:50.0473661+00:00
1165,0,000050,0,000050,,2026-01-19T19:26:50.0554780+00:00
1166,0,000050,0,000050,,2026-01-19T19:26:50.0648341+00:00
1167,0,000050,0,000050,,2026-01-19T19:26:50.0708432+00:00
1168,0,000050,0,000050,,2026-01-19T19:26:50.0770575+00:00
1169,0,000050,0,000050,,2026-01-19T19:26:50.0833615+00:00
1170,0,000050,0,000050,1,000000,2026-01-19T19:26:50.0946161+00:00
1171,0,000050,0,000050,,2026-01-19T19:26:50.1043467+00:00
1172,0,000050,0,000049,,2026-01-19T19:26:50.1102904+00:00
1173,0,000049,0,000049,,2026-01-19T19:26:50.1162660+00:00
1174,0,000049,0,000049,,2026-01-19T19:26:50.1223009+00:00
1175,0,000049,0,000049,,2026-01-19T19:26:50.1286449+00:00
1176,0,000049,0,000049,,2026-01-19T19:26:50.1361024+00:00
1177,0,000049,0,000049,,2026-01-19T19:26:50.1446773+00:00
1178,0,000049,0,000049,,2026-01-19T19:26:50.1511746+00:00
1179,0,000049,0,000049,,2026-01-19T19:26:50.1571474+00:00
1180,0,000049,0,000049,1,000000,2026-01-19T19:26:50.1633151+00:00
1181,0,000049,0,000049,,2026-01-19T19:26:50.1696268+00:00
1182,0,000049,0,000049,,2026-01-19T19:26:50.1792991+00:00
1183,0,000049,0,000049,,2026-01-19T19:26:50.1853786+00:00
1184,0,000049,0,000049,,2026-01-19T19:26:50.1917863+00:00
1185,0,000049,0,000049,,2026-01-19T19:26:50.1982086+00:00
1186,0,000049,0,000048,,2026-01-19T19:26:50.2058542+00:00
1187,0,000048,0,000048,,2026-01-19T19:26:50.2121909+00:00
1188,0,000048,0,000048,,2026-01-19T19:26:50.2216165+00:00
1189,0,000048,0,000048,,2026-01-19T19:26:50.2280844+00:00
1190,0,000048,0,000048,1,000000,2026-01-19T19:26:50.2374210+00:00
1191,0,000048,0,000048,,2026-01-19T19:26:50.2439766+00:00
1192,0,000048,0,000048,,2026-01-19T19:26:50.2502815+00:00
1193,0,000048,0,000048,,2026-01-19T19:26:50.2601831+00:00
1194,0,000048,0,000048,,2026-01-19T19:26:50.2663192+00:00
1195,0,000048,0,000048,,2026-01-19T19:26:50.2724525+00:00
1196,0,000048,0,000048,,2026-01-19T19:26:50.2785159+00:00
1197,0,000048,0,000048,,2026-01-19T19:26:50.2848159+00:00
1198,0,000048,0,000048,,2026-01-19T19:26:50.2921420+00:00
1199,0,000048,0,000048,,2026-01-19T19:26:50.3008879+00:00
1200,0,000048,0,000048,1,000000,2026-01-19T19:26:50.3070717+00:00
1201,0,000048,0,000047,,2026-01-19T19:26:50.3135531+00:00
1202,0,000047,0,000047,,2026-01-19T19:26:50.3226845+00:00
1203,0,000047,0,000047,,2026-01-19T19:26:50.3292399+00:00
1204,0,000047,0,000047,,2026-01-19T19:26:50.3378764+00:00
1205,0,000047,0,000047,,2026-01-19T19:26:50.3445860+00:00
1206,0,000047,0,000047,,2026-01-19T19:26:50.3523101+00:00
1207,0,000047,0,000047,,2026-01-19T19:26:50.3586807+00:00
1208,0,000047,0,000047,,2026-01-19T19:26:50.3652866+00:00
1209,0,000047,0,000047,,2026-01-19T19:26:50.3719618+00:00
1210,0,000047,0,000047,1,000000,2026-01-19T19:26:50.3798685+00:00
1211,0,000047,0,000047,,2026-01-19T19:26:50.3862195+00:00
1212,0,000047,0,000047,,2026-01-19T19:26:50.3934833+00:00
1213,0,000047,0,000047,,2026-01-19T19:26:50.4005441+00:00
1214,0,000047,0,000047,,2026-01-19T19:26:50.4081854+00:00
1215,0,000047,0,000047,,2026-01-19T19:26:50.4142977+00:00
1216,0,000047,0,000046,,2026-01-19T19:26:50.4227412+00:00
1217,0,000046,0,000046,,2026-01-19T19:26:50.4288972+00:00
1218,0,000046,0,000046,,2026-01-19T19:26:50.4351878+00:00
1219,0,000046,0,000046,,2026-01-19T19:26:50.4414331+00:00
1220,0,000046,0,000046,1,000000,2026-01-19T19:26:50.4484964+00:00
1221,0,000046,0,000046,,2026-01-19T19:26:50.4548907+00:00
1222,0,000046,0,000046,,2026-01-19T19:26:50.4633987+00:00
1223,0,000046,0,000046,,2026-01-19T19:26:50.4696263+00:00
1224,0,000046,0,000046,,2026-01-19T19:26:50.4760392+00:00
1225,0,000046,0,000046,,2026-01-19T19:26:50.4821681+00:00
1226,0,000046,0,000046,,2026-01-19T19:26:50.4885387+00:00
1227,0,000046,0,000046,,2026-01-19T19:26:50.4977949+00:00
1228,0,000046,0,000046,,2026-01-19T19:26:50.5085436+00:00
1229,0,000046,0,000046,,2026-01-19T19:26:50.5152795+00:00
1230,0,000046,0,000046,1,000000,2026-01-19T19:26:50.5227393+00:00
1231,0,000046,0,000045,,2026-01-19T19:26:50.5301809+00:00
1232,0,000045,0,000045,,2026-01-19T19:26:50.5376288+00:00
1233,0,000045,0,000045,,2026-01-19T19:26:50.5441879+00:00
1234,0,000045,0,000045,,2026-01-19T19:26:50.5591144+00:00
1235,0,000045,0,000045,,2026-01-19T19:26:50.5653336+00:00
1236,0,000045,0,000045,,2026-01-19T19:26:50.5718189+00:00
1237,0,000045,0,000045,,2026-01-19T19:26:50.5780453+00:00
1238,0,000045,0,000045,,2026-01-19T19:26:50.5841947+00:00
1239,0,000045,0,000045,,2026-01-19T19:26:50.5904630+00:00
1240,0,000045,0,000045,1,000000,2026-01-19T19:26:50.5982655+00:00
1241,0,000045,0,000045,,2026-01-19T19:26:50.6045566+00:00
1242,0,000045,0,000045,,2026-01-19T19:26:50.6118234+00:00
1243,0,000045,0,000045,,2026-01-19T19:26:50.6180056+00:00
1244,0,000045,0,000045,,2026-01-19T19:26:50.6242166+00:00
1245,0,000045,0,000045,,2026-01-19T19:26:50.6306484+00:00
1246,0,000045,0,000045,,2026-01-19T19:26:50.6391873+00:00
1247,0,000045,0,000045,,2026-01-19T19:26:50.6466489+00:00
1248,0,000045,0,000044,,2026-01-19T19:26:50.6533496+00:00
1249,0,000044,0,000044,,2026-01-19T19:26:50.6603295+00:00
1250,0,000044,0,000044,1,000000,2026-01-19T19:26:50.6674970+00:00
1251,0,000044,0,000044,,2026-01-19T19:26:50.6742604+00:00
1252,0,000044,0,000044,,2026-01-19T19:26:50.6856157+00:00
1253,0,000044,0,000044,,2026-01-19T19:26:50.6920258+00:00
1254,0,000044,0,000044,,2026-01-19T19:26:50.6992259+00:00
1255,0,000044,0,000044,,2026-01-19T19:26:50.7056839+00:00
1256,0,000044,0,000044,,2026-01-19T19:26:50.7133697+00:00
1257,0,000044,0,000044,,2026-01-19T19:26:50.7197507+00:00
1258,0,000044,0,000044,,2026-01-19T19:26:50.7274086+00:00
1259,0,000044,0,000044,,2026-01-19T19:26:50.7343970+00:00
1260,0,000044,0,000044,1,000000,2026-01-19T19:26:50.7407014+00:00
1261,0,000044,0,000044,,2026-01-19T19:26:50.7477972+00:00
1262,0,000044,0,000044,,2026-01-19T19:26:50.7541388+00:00
1263,0,000044,0,000044,,2026-01-19T19:26:50.7616650+00:00
1264,0,000044,0,000043,,2026-01-19T19:26:50.7688210+00:00
1265,0,000043,0,000043,,2026-01-19T19:26:50.7763419+00:00
1266,0,000043,0,000043,,2026-01-19T19:26:50.7827008+00:00
1267,0,000043,0,000043,,2026-01-19T19:26:50.7893751+00:00
1268,0,000043,0,000043,,2026-01-19T19:26:50.7962071+00:00
1269,0,000043,0,000043,,2026-01-19T19:26:50.8062378+00:00
1270,0,000043,0,000043,1,000000,2026-01-19T19:26:50.8128477+00:00
1271,0,000043,0,000043,,2026-01-19T19:26:50.8210562+00:00
1272,0,000043,0,000043,,2026-01-19T19:26:50.8311939+00:00
1273,0,000043,0,000043,,2026-01-19T19:26:50.8389663+00:00
1274,0,000043,0,000043,,2026-01-19T19:26:50.8499274+00:00
1275,0,000043,0,000043,,2026-01-19T19:26:50.8565417+00:00
1276,0,000043,0,000043,,2026-01-19T19:26:50.8630281+00:00
1277,0,000043,0,000043,,2026-01-19T19:26:50.8696913+00:00
1278,0,000043,0,000043,,2026-01-19T19:26:50.8762944+00:00
1279,0,000043,0,000043,,2026-01-19T19:26:50.8858391+00:00
1280,0,000043,0,000043,1,000000,2026-01-19T19:26:50.8922176+00:00
1281,0,000043,0,000042,,2026-01-19T19:26:50.8986185+00:00
1282,0,000042,0,000042,,2026-01-19T19:26:50.9054865+00:00
1283,0,000042,0,000042,,2026-01-19T19:26:50.9121674+00:00
1284,0,000042,0,000042,,2026-01-19T19:26:50.9218030+00:00
1285,0,000042,0,000042,,2026-01-19T19:26:50.9284267+00:00
1286,0,000042,0,000042,,2026-01-19T19:26:50.9348974+00:00
1287,0,000042,0,000042,,2026-01-19T19:26:50.9416748+00:00
1288,0,000042,0,000042,,2026-01-19T19:26:50.9488256+00:00
1289,0,000042,0,000042,,2026-01-19T19:26:50.9589650+00:00
1290,0,000042,0,000042,1,000000,2026-01-19T19:26:50.9655711+00:00
1291,0,000042,0,000042,,2026-01-19T19:26:50.9724921+00:00
1292,0,000042,0,000042,,2026-01-19T19:26:50.9816802+00:00
1293,0,000042,0,000042,,2026-01-19T19:26:50.9884668+00:00
1294,0,000042,0,000042,,2026-01-19T19:26:50.9990196+00:00
1295,0,000042,0,000042,,2026-01-19T19:26:51.0059389+00:00
1296,0,000042,0,000042,,2026-01-19T19:26:51.0135016+00:00
1297,0,000042,0,000042,,2026-01-19T19:26:51.0205311+00:00
1298,0,000042,0,000042,,2026-01-19T19:26:51.0273956+00:00
1299,0,000042,0,000041,,2026-01-19T19:26:51.0371979+00:00
1300,0,000041,0,000041,1,000000,2026-01-19T19:26:51.0438442+00:00
1301,0,000041,0,000041,,2026-01-19T19:26:51.0503051+00:00
1302,0,000041,0,000041,,2026-01-19T19:26:51.0572492+00:00
1303,0,000041,0,000041,,2026-01-19T19:26:51.0642959+00:00
1304,0,000041,0,000041,,2026-01-19T19:26:51.0742836+00:00
1305,0,000041,0,000041,,2026-01-19T19:26:51.0808708+00:00
1306,0,000041,0,000041,,2026-01-19T19:26:51.0874508+00:00
1307,0,000041,0,000041,,2026-01-19T19:26:51.0942825+00:00
1308,0,000041,0,000041,,2026-01-19T19:26:51.1015303+00:00
1309,0,000041,0,000041,,2026-01-19T19:26:51.1117545+00:00
1310,0,000041,0,000041,1,000000,2026-01-19T19:26:51.1187106+00:00
1311,0,000041,0,000041,,2026-01-19T19:26:51.1253115+00:00
1312,0,000041,0,000041,,2026-01-19T19:26:51.1345185+00:00
1313,0,000041,0,000041,,2026-01-19T19:26:51.1454051+00:00
1314,0,000041,0,000041,,2026-01-19T19:26:51.1550448+00:00
1315,0,000041,0,000041,,2026-01-19T19:26:51.1616365+00:00
1316,0,000041,0,000041,,2026-01-19T19:26:51.1681090+00:00
1317,0,000041,0,000041,,2026-01-19T19:26:51.1750850+00:00
1318,0,000041,0,000040,,2026-01-19T19:26:51.1818852+00:00
1319,0,000040,0,000040,,2026-01-19T19:26:51.1914703+00:00
1320,0,000040,0,000040,1,000000,2026-01-19T19:26:51.1981106+00:00
1321,0,000040,0,000040,,2026-01-19T19:26:51.2046761+00:00
1322,0,000040,0,000040,,2026-01-19T19:26:51.2116904+00:00
1323,0,000040,0,000040,,2026-01-19T19:26:51.2185298+00:00
1324,0,000040,0,000040,,2026-01-19T19:26:51.2276383+00:00
1325,0,000040,0,000040,,2026-01-19T19:26:51.2341619+00:00
1326,0,000040,0,000040,,2026-01-19T19:26:51.2417660+00:00
1327,0,000040,0,000040,,2026-01-19T19:26:51.2486218+00:00
1328,0,000040,0,000040,,2026-01-19T19:26:51.2568932+00:00
1329,0,000040,0,000040,,2026-01-19T19:26:51.2655038+00:00
1330,0,000040,0,000040,1,000000,2026-01-19T19:26:51.2723156+00:00
1331,0,000040,0,000040,,2026-01-19T19:26:51.2793541+00:00
1332,0,000040,0,000040,,2026-01-19T19:26:51.2861519+00:00
1333,0,000040,0,000040,,2026-01-19T19:26:51.2935564+00:00
1334,0,000040,0,000040,,2026-01-19T19:26:51.3003738+00:00
1335,0,000040,0,000040,,2026-01-19T19:26:51.3091765+00:00
1336,0,000040,0,000040,,2026-01-19T19:26:51.3157444+00:00
1337,0,000040,0,000039,,2026-01-19T19:26:51.3238826+00:00
1338,0,000039,0,000039,,2026-01-19T19:26:51.3314161+00:00
1339,0,000039,0,000039,,2026-01-19T19:26:51.3380635+00:00
1340,0,000039,0,000039,1,000000,2026-01-19T19:26:51.3465891+00:00
1341,0,000039,0,000039,,2026-01-19T19:26:51.3534165+00:00
1342,0,000039,0,000039,,2026-01-19T19:26:51.3599528+00:00
1343,0,000039,0,000039,,2026-01-19T19:26:51.3667338+00:00
1344,0,000039,0,000039,,2026-01-19T19:26:51.3733974+00:00
1345,0,000039,0,000039,,2026-01-19T19:26:51.3799751+00:00
1346,0,000039,0,000039,,2026-01-19T19:26:51.3887601+00:00
1347,0,000039,0,000039,,2026-01-19T19:26:51.3960284+00:00
1348,0,000039,0,000039,,2026-01-19T19:26:51.4028977+00:00
1349,0,000039,0,000039,,2026-01-19T19:26:51.4109134+00:00
1350,0,000039,0,000039,1,000000,2026-01-19T19:26:51.4179644+00:00
1351,0,000039,0,000039,,2026-01-19T19:26:51.4266917+00:00
1352,0,000039,0,000039,,2026-01-19T19:26:51.4336537+00:00
1353,0,000039,0,000039,,2026-01-19T19:26:51.4434858+00:00
1354,0,000039,0,000039,,2026-01-19T19:26:51.4520727+00:00
1355,0,000039,0,000039,,2026-01-19T19:26:51.4598057+00:00
1356,0,000039,0,000039,,2026-01-19T19:26:51.4691589+00:00
1357,0,000039,0,000038,,2026-01-19T19:26:51.4796992+00:00
1358,0,000038,0,000038,,2026-01-19T19:26:51.4863953+00:00
1359,0,000038,0,000038,,2026-01-19T19:26:51.4930554+00:00
1360,0,000038,0,000038,1,000000,2026-01-19T19:26:51.4998276+00:00
1361,0,000038,0,000038,,2026-01-19T19:26:51.5064427+00:00
1362,0,000038,0,000038,,2026-01-19T19:26:51.5149828+00:00
1363,0,000038,0,000038,,2026-01-19T19:26:51.5217512+00:00
1364,0,000038,0,000038,,2026-01-19T19:26:51.5295458+00:00
1365,0,000038,0,000038,,2026-01-19T19:26:51.5364269+00:00
1366,0,000038,0,000038,,2026-01-19T19:26:51.5432085+00:00
1367,0,000038,0,000038,,2026-01-19T19:26:51.5525177+00:00
1368,0,000038,0,000038,,2026-01-19T19:26:51.5640587+00:00
1369,0,000038,0,000038,,2026-01-19T19:26:51.5732948+00:00
1370,0,000038,0,000038,1,000000,2026-01-19T19:26:51.5807174+00:00
1371,0,000038,0,000038,,2026-01-19T19:26:51.5877473+00:00
1372,0,000038,0,000038,,2026-01-19T19:26:51.5949242+00:00
1373,0,000038,0,000038,,2026-01-19T19:26:51.6040851+00:00
1374,0,000038,0,000038,,2026-01-19T19:26:51.6132565+00:00
1375,0,000038,0,000038,,2026-01-19T19:26:51.6216591+00:00
1376,0,000038,0,000038,,2026-01-19T19:26:51.6285971+00:00
1377,0,000038,0,000037,,2026-01-19T19:26:51.6358960+00:00
1378,0,000037,0,000037,,2026-01-19T19:26:51.6431583+00:00
1379,0,000037,0,000037,,2026-01-19T19:26:51.6526332+00:00
1380,0,000037,0,000037,1,000000,2026-01-19T19:26:51.6604561+00:00
1381,0,000037,0,000037,,2026-01-19T19:26:51.6673255+00:00
1382,0,000037,0,000037,,2026-01-19T19:26:51.6746279+00:00
1383,0,000037,0,000037,,2026-01-19T19:26:51.6821996+00:00
1384,0,000037,0,000037,,2026-01-19T19:26:51.6926037+00:00
1385,0,000037,0,000037,,2026-01-19T19:26:51.6996657+00:00
1386,0,000037,0,000037,,2026-01-19T19:26:51.7068365+00:00
1387,0,000037,0,000037,,2026-01-19T19:26:51.7141851+00:00
1388,0,000037,0,000037,,2026-01-19T19:26:51.7212990+00:00
1389,0,000037,0,000037,,2026-01-19T19:26:51.7311873+00:00
1390,0,000037,0,000037,1,000000,2026-01-19T19:26:51.7382147+00:00
1391,0,000037,0,000037,,2026-01-19T19:26:51.7466532+00:00
1392,0,000037,0,000037,,2026-01-19T19:26:51.7546659+00:00
1393,0,000037,0,000037,,2026-01-19T19:26:51.7627131+00:00
1394,0,000037,0,000037,,2026-01-19T19:26:51.7708592+00:00
1395,0,000037,0,000037,,2026-01-19T19:26:51.7796823+00:00
1396,0,000037,0,000037,,2026-01-19T19:26:51.7872405+00:00
1397,0,000037,0,000037,,2026-01-19T19:26:51.7942588+00:00
1398,0,000037,0,000037,,2026-01-19T19:26:51.8011563+00:00
1399,0,000037,0,000036,,2026-01-19T19:26:51.8081874+00:00
1400,0,000036,0,000036,1,000000,2026-01-19T19:26:51.8175035+00:00
1401,0,000036,0,000036,,2026-01-19T19:26:51.8246600+00:00
1402,0,000036,0,000036,,2026-01-19T19:26:51.8336508+00:00
1403,0,000036,0,000036,,2026-01-19T19:26:51.8416488+00:00
1404,0,000036,0,000036,,2026-01-19T19:26:51.8488143+00:00
1405,0,000036,0,000036,,2026-01-19T19:26:51.8575700+00:00
1406,0,000036,0,000036,,2026-01-19T19:26:51.8658684+00:00
1407,0,000036,0,000036,,2026-01-19T19:26:51.8737938+00:00
1408,0,000036,0,000036,,2026-01-19T19:26:51.8809760+00:00
1409,0,000036,0,000036,,2026-01-19T19:26:51.8879406+00:00
1410,0,000036,0,000036,1,000000,2026-01-19T19:26:51.8952603+00:00
1411,0,000036,0,000036,,2026-01-19T19:26:51.9038752+00:00
1412,0,000036,0,000036,,2026-01-19T19:26:51.9118941+00:00
1413,0,000036,0,000036,,2026-01-19T19:26:51.9189992+00:00
1414,0,000036,0,000036,,2026-01-19T19:26:51.9266501+00:00
1415,0,000036,0,000036,,2026-01-19T19:26:51.9337224+00:00
1416,0,000036,0,000036,,2026-01-19T19:26:51.9425242+00:00
1417,0,000036,0,000036,,2026-01-19T19:26:51.9497723+00:00
1418,0,000036,0,000036,,2026-01-19T19:26:51.9567802+00:00
1419,0,000036,0,000036,,2026-01-19T19:26:51.9637950+00:00
1420,0,000036,0,000036,1,000000,2026-01-19T19:26:51.9708781+00:00
1421,0,000036,0,000035,,2026-01-19T19:26:51.9797970+00:00
1422,0,000035,0,000035,,2026-01-19T19:26:51.9868689+00:00
1423,0,000035,0,000035,,2026-01-19T19:26:51.9940260+00:00
1424,0,000035,0,000035,,2026-01-19T19:26:52.0010548+00:00
1425,0,000035,0,000035,,2026-01-19T19:26:52.0084412+00:00
1426,0,000035,0,000035,,2026-01-19T19:26:52.0202534+00:00
1427,0,000035,0,000035,,2026-01-19T19:26:52.0272885+00:00
1428,0,000035,0,000035,,2026-01-19T19:26:52.0358047+00:00
1429,0,000035,0,000035,,2026-01-19T19:26:52.0433546+00:00
1430,0,000035,0,000035,1,000000,2026-01-19T19:26:52.0509383+00:00
1431,0,000035,0,000035,,2026-01-19T19:26:52.0592997+00:00
1432,0,000035,0,000035,,2026-01-19T19:26:52.0685052+00:00
1433,0,000035,0,000035,,2026-01-19T19:26:52.0764699+00:00
1434,0,000035,0,000035,,2026-01-19T19:26:52.0839366+00:00
1435,0,000035,0,000035,,2026-01-19T19:26:52.0920218+00:00
1436,0,000035,0,000035,,2026-01-19T19:26:52.1002470+00:00
1437,0,000035,0,000035,,2026-01-19T19:26:52.1075649+00:00
1438,0,000035,0,000035,,2026-01-19T19:26:52.1151442+00:00
1439,0,000035,0,000035,,2026-01-19T19:26:52.1222941+00:00
1440,0,000035,0,000035,1,000000,2026-01-19T19:26:52.1302345+00:00
1441,0,000035,0,000035,,2026-01-19T19:26:52.1384734+00:00
1442,0,000035,0,000035,,2026-01-19T19:26:52.1455065+00:00
1443,0,000035,0,000035,,2026-01-19T19:26:52.1539041+00:00
1444,0,000035,0,000034,,2026-01-19T19:26:52.1642454+00:00
1445,0,000034,0,000034,,2026-01-19T19:26:52.1759569+00:00
1446,0,000034,0,000034,,2026-01-19T19:26:52.1860627+00:00
1447,0,000034,0,000034,,2026-01-19T19:26:52.1940391+00:00
1448,0,000034,0,000034,,2026-01-19T19:26:52.2010998+00:00
1449,0,000034,0,000034,,2026-01-19T19:26:52.2084621+00:00
1450,0,000034,0,000034,1,000000,2026-01-19T19:26:52.2158533+00:00
1451,0,000034,0,000034,,2026-01-19T19:26:52.2266956+00:00
1452,0,000034,0,000034,,2026-01-19T19:26:52.2338507+00:00
1453,0,000034,0,000034,,2026-01-19T19:26:52.2410817+00:00
1454,0,000034,0,000034,,2026-01-19T19:26:52.2495832+00:00
1455,0,000034,0,000034,,2026-01-19T19:26:52.2568615+00:00
1456,0,000034,0,000034,,2026-01-19T19:26:52.2659693+00:00
1457,0,000034,0,000034,,2026-01-19T19:26:52.2731608+00:00
1458,0,000034,0,000034,,2026-01-19T19:26:52.2802374+00:00
1459,0,000034,0,000034,,2026-01-19T19:26:52.2875953+00:00
1460,0,000034,0,000034,1,000000,2026-01-19T19:26:52.2953440+00:00
1461,0,000034,0,000034,,2026-01-19T19:26:52.3045498+00:00
1462,0,000034,0,000034,,2026-01-19T19:26:52.3166053+00:00
1463,0,000034,0,000034,,2026-01-19T19:26:52.3266656+00:00
1464,0,000034,0,000034,,2026-01-19T19:26:52.3359683+00:00
1465,0,000034,0,000034,,2026-01-19T19:26:52.3432462+00:00
1466,0,000034,0,000034,,2026-01-19T19:26:52.3528761+00:00
1467,0,000034,0,000034,,2026-01-19T19:26:52.3600156+00:00
1468,0,000034,0,000034,,2026-01-19T19:26:52.3673924+00:00
1469,0,000034,0,000033,,2026-01-19T19:26:52.3747750+00:00
1470,0,000033,0,000033,1,000000,2026-01-19T19:26:52.3820509+00:00
1471,0,000033,0,000033,,2026-01-19T19:26:52.3906983+00:00
1472,0,000033,0,000033,,2026-01-19T19:26:52.3979392+00:00
1473,0,000033,0,000033,,2026-01-19T19:26:52.4060758+00:00
1474,0,000033,0,000033,,2026-01-19T19:26:52.4134036+00:00
1475,0,000033,0,000033,,2026-01-19T19:26:52.4205882+00:00
1476,0,000033,0,000033,,2026-01-19T19:26:52.4300130+00:00
1477,0,000033,0,000033,,2026-01-19T19:26:52.4374102+00:00
1478,0,000033,0,000033,,2026-01-19T19:26:52.4447385+00:00
1479,0,000033,0,000033,,2026-01-19T19:26:52.4521114+00:00
1480,0,000033,0,000033,1,000000,2026-01-19T19:26:52.4601376+00:00
1481,0,000033,0,000033,,2026-01-19T19:26:52.4702578+00:00
1482,0,000033,0,000033,,2026-01-19T19:26:52.4786815+00:00
1483,0,000033,0,000033,,2026-01-19T19:26:52.4906326+00:00
1484,0,000033,0,000033,,2026-01-19T19:26:52.5021299+00:00
1485,0,000033,0,000033,,2026-01-19T19:26:52.5118601+00:00
1486,0,000033,0,000033,,2026-01-19T19:26:52.5216230+00:00
1487,0,000033,0,000033,,2026-01-19T19:26:52.5296344+00:00
1488,0,000033,0,000033,,2026-01-19T19:26:52.5378265+00:00
1489,0,000033,0,000033,,2026-01-19T19:26:52.5457678+00:00
1490,0,000033,0,000033,1,000000,2026-01-19T19:26:52.5537814+00:00
1491,0,000033,0,000033,,2026-01-19T19:26:52.5644241+00:00
1492,0,000033,0,000033,,2026-01-19T19:26:52.5726807+00:00
1493,0,000033,0,000033,,2026-01-19T19:26:52.5813477+00:00
1494,0,000033,0,000032,,2026-01-19T19:26:52.5888169+00:00
1495,0,000032,0,000032,,2026-01-19T19:26:52.5961106+00:00
1496,0,000032,0,000032,,2026-01-19T19:26:52.6057357+00:00
1497,0,000032,0,000032,,2026-01-19T19:26:52.6133530+00:00
1498,0,000032,0,000032,,2026-01-19T19:26:52.6209923+00:00
1499,0,000032,0,000032,,2026-01-19T19:26:52.6289807+00:00
1500,0,000032,0,000032,1,000000,2026-01-19T19:26:52.6381805+00:00
1501,0,000032,0,000032,,2026-01-19T19:26:52.6488666+00:00
1502,0,000032,0,000032,,2026-01-19T19:26:52.6561792+00:00
1503,0,000032,0,000032,,2026-01-19T19:26:52.6644146+00:00
1504,0,000032,0,000032,,2026-01-19T19:26:52.6717350+00:00
1505,0,000032,0,000032,,2026-01-19T19:26:52.6802259+00:00
1506,0,000032,0,000032,,2026-01-19T19:26:52.6891617+00:00
1507,0,000032,0,000032,,2026-01-19T19:26:52.6966317+00:00
1508,0,000032,0,000032,,2026-01-19T19:26:52.7038984+00:00
1509,0,000032,0,000032,,2026-01-19T19:26:52.7123647+00:00
1510,0,000032,0,000032,1,000000,2026-01-19T19:26:52.7198147+00:00
1511,0,000032,0,000032,,2026-01-19T19:26:52.7291163+00:00
1512,0,000032,0,000032,,2026-01-19T19:26:52.7365405+00:00
1513,0,000032,0,000032,,2026-01-19T19:26:52.7440865+00:00
1514,0,000032,0,000032,,2026-01-19T19:26:52.7528893+00:00
1515,0,000032,0,000032,,2026-01-19T19:26:52.7605992+00:00
1516,0,000032,0,000032,,2026-01-19T19:26:52.7702996+00:00
1517,0,000032,0,000032,,2026-01-19T19:26:52.7779084+00:00
1518,0,000032,0,000032,,2026-01-19T19:26:52.7863382+00:00
1519,0,000032,0,000032,,2026-01-19T19:26:52.7938746+00:00
1520,0,000032,0,000031,1,000000,2026-01-19T19:26:52.8021735+00:00
1521,0,000031,0,000031,,2026-01-19T19:26:52.8126121+00:00
1522,0,000031,0,000031,,2026-01-19T19:26:52.8201509+00:00
1523,0,000031,0,000031,,2026-01-19T19:26:52.8277052+00:00
1524,0,000031,0,000031,,2026-01-19T19:26:52.8381107+00:00
1525,0,000031,0,000031,,2026-01-19T19:26:52.8474092+00:00
1526,0,000031,0,000031,,2026-01-19T19:26:52.8562774+00:00
1527,0,000031,0,000031,,2026-01-19T19:26:52.8661886+00:00
1528,0,000031,0,000031,,2026-01-19T19:26:52.8745168+00:00
1529,0,000031,0,000031,,2026-01-19T19:26:52.8835826+00:00
1530,0,000031,0,000031,1,000000,2026-01-19T19:26:52.8910699+00:00
1531,0,000031,0,000031,,2026-01-19T19:26:52.9002970+00:00
1532,0,000031,0,000031,,2026-01-19T19:26:52.9078048+00:00
1533,0,000031,0,000031,,2026-01-19T19:26:52.9160379+00:00
1534,0,000031,0,000031,,2026-01-19T19:26:52.9240554+00:00
1535,0,000031,0,000031,,2026-01-19T19:26:52.9324326+00:00
1536,0,000031,0,000031,,2026-01-19T19:26:52.9422825+00:00
1537,0,000031,0,000031,,2026-01-19T19:26:52.9533972+00:00
1538,0,000031,0,000031,,2026-01-19T19:26:52.9619411+00:00
1539,0,000031,0,000031,,2026-01-19T19:26:52.9696776+00:00
1540,0,000031,0,000031,1,000000,2026-01-19T19:26:52.9774390+00:00
1541,0,000031,0,000031,,2026-01-19T19:26:52.9868921+00:00
1542,0,000031,0,000031,,2026-01-19T19:26:52.9952875+00:00
1543,0,000031,0,000031,,2026-01-19T19:26:53.0033271+00:00
1544,0,000031,0,000031,,2026-01-19T19:26:53.0118464+00:00
1545,0,000031,0,000031,,2026-01-19T19:26:53.0193401+00:00
1546,0,000031,0,000031,,2026-01-19T19:26:53.0288479+00:00
1547,0,000031,0,000031,,2026-01-19T19:26:53.0377127+00:00
1548,0,000031,0,000030,,2026-01-19T19:26:53.0454371+00:00
1549,0,000030,0,000030,,2026-01-19T19:26:53.0529782+00:00
1550,0,000030,0,000030,1,000000,2026-01-19T19:26:53.0607844+00:00
1551,0,000030,0,000030,,2026-01-19T19:26:53.0711696+00:00
1552,0,000030,0,000030,,2026-01-19T19:26:53.0800899+00:00
1553,0,000030,0,000030,,2026-01-19T19:26:53.0878397+00:00
1554,0,000030,0,000030,,2026-01-19T19:26:53.0957032+00:00
1555,0,000030,0,000030,,2026-01-19T19:26:53.1033291+00:00
1556,0,000030,0,000030,,2026-01-19T19:26:53.1160053+00:00
1557,0,000030,0,000030,,2026-01-19T19:26:53.1235213+00:00
1558,0,000030,0,000030,,2026-01-19T19:26:53.1311103+00:00
1559,0,000030,0,000030,,2026-01-19T19:26:53.1387841+00:00
1560,0,000030,0,000030,1,000000,2026-01-19T19:26:53.1469181+00:00
1561,0,000030,0,000030,,2026-01-19T19:26:53.1576602+00:00
1562,0,000030,0,000030,,2026-01-19T19:26:53.1667237+00:00
1563,0,000030,0,000030,,2026-01-19T19:26:53.1742754+00:00
1564,0,000030,0,000030,,2026-01-19T19:26:53.1826703+00:00
1565,0,000030,0,000030,,2026-01-19T19:26:53.1901875+00:00
1566,0,000030,0,000030,,2026-01-19T19:26:53.2003175+00:00
1567,0,000030,0,000030,,2026-01-19T19:26:53.2077977+00:00
1568,0,000030,0,000030,,2026-01-19T19:26:53.2157021+00:00
1569,0,000030,0,000030,,2026-01-19T19:26:53.2235519+00:00
1570,0,000030,0,000030,1,000000,2026-01-19T19:26:53.2311972+00:00
1571,0,000030,0,000030,,2026-01-19T19:26:53.2439169+00:00
1572,0,000030,0,000030,,2026-01-19T19:26:53.2527113+00:00
1573,0,000030,0,000030,,2026-01-19T19:26:53.2616617+00:00
1574,0,000030,0,000030,,2026-01-19T19:26:53.2704900+00:00
1575,0,000030,0,000030,,2026-01-19T19:26:53.2782552+00:00
1576,0,000030,0,000030,,2026-01-19T19:26:53.2873128+00:00
1577,0,000030,0,000029,,2026-01-19T19:26:53.2953771+00:00
1578,0,000029,0,000029,,2026-01-19T19:26:53.3029560+00:00
1579,0,000029,0,000029,,2026-01-19T19:26:53.3106923+00:00
1580,0,000029,0,000029,1,000000,2026-01-19T19:26:53.3206018+00:00
1581,0,000029,0,000029,,2026-01-19T19:26:53.3285447+00:00
1582,0,000029,0,000029,,2026-01-19T19:26:53.3381807+00:00
1583,0,000029,0,000029,,2026-01-19T19:26:53.3470377+00:00
1584,0,000029,0,000029,,2026-01-19T19:26:53.3566551+00:00
1585,0,000029,0,000029,,2026-01-19T19:26:53.3644733+00:00
1586,0,000029,0,000029,,2026-01-19T19:26:53.3727414+00:00
1587,0,000029,0,000029,,2026-01-19T19:26:53.3807461+00:00
1588,0,000029,0,000029,,2026-01-19T19:26:53.3894911+00:00
1589,0,000029,0,000029,,2026-01-19T19:26:53.4021409+00:00
1590,0,000029,0,000029,1,000000,2026-01-19T19:26:53.4099934+00:00
1591,0,000029,0,000029,,2026-01-19T19:26:53.4177983+00:00
1592,0,000029,0,000029,,2026-01-19T19:26:53.4254603+00:00
1593,0,000029,0,000029,,2026-01-19T19:26:53.4346011+00:00
1594,0,000029,0,000029,,2026-01-19T19:26:53.4435764+00:00
1595,0,000029,0,000029,,2026-01-19T19:26:53.4512983+00:00
1596,0,000029,0,000029,,2026-01-19T19:26:53.4590623+00:00
1597,0,000029,0,000029,,2026-01-19T19:26:53.4669837+00:00
1598,0,000029,0,000029,,2026-01-19T19:26:53.4774336+00:00
1599,0,000029,0,000029,,2026-01-19T19:26:53.4851893+00:00
1600,0,000029,0,000029,1,000000,2026-01-19T19:26:53.4930372+00:00
1601,0,000029,0,000029,,2026-01-19T19:26:53.5008123+00:00
1602,0,000029,0,000029,,2026-01-19T19:26:53.5101209+00:00
1603,0,000029,0,000029,,2026-01-19T19:26:53.5179646+00:00
1604,0,000029,0,000029,,2026-01-19T19:26:53.5276429+00:00
1605,0,000029,0,000029,,2026-01-19T19:26:53.5352565+00:00
1606,0,000029,0,000029,,2026-01-19T19:26:53.5434799+00:00
1607,0,000029,0,000028,,2026-01-19T19:26:53.5536545+00:00
1608,0,000028,0,000028,,2026-01-19T19:26:53.5643389+00:00
1609,0,000028,0,000028,,2026-01-19T19:26:53.5720768+00:00
1610,0,000028,0,000028,1,000000,2026-01-19T19:26:53.5799538+00:00
1611,0,000028,0,000028,,2026-01-19T19:26:53.5902652+00:00
1612,0,000028,0,000028,,2026-01-19T19:26:53.5981006+00:00
1613,0,000028,0,000028,,2026-01-19T19:26:53.6071331+00:00
1614,0,000028,0,000028,,2026-01-19T19:26:53.6149709+00:00
1615,0,000028,0,000028,,2026-01-19T19:26:53.6228397+00:00
1616,0,000028,0,000028,,2026-01-19T19:26:53.6330002+00:00
1617,0,000028,0,000028,,2026-01-19T19:26:53.6409447+00:00
1618,0,000028,0,000028,,2026-01-19T19:26:53.6501826+00:00
1619,0,000028,0,000028,,2026-01-19T19:26:53.6579413+00:00
1620,0,000028,0,000028,1,000000,2026-01-19T19:26:53.6676853+00:00
1621,0,000028,0,000028,,2026-01-19T19:26:53.6760812+00:00
1622,0,000028,0,000028,,2026-01-19T19:26:53.6844732+00:00
1623,0,000028,0,000028,,2026-01-19T19:26:53.6931568+00:00
1624,0,000028,0,000028,,2026-01-19T19:26:53.7011507+00:00
1625,0,000028,0,000028,,2026-01-19T19:26:53.7121800+00:00
1626,0,000028,0,000028,,2026-01-19T19:26:53.7216326+00:00
1627,0,000028,0,000028,,2026-01-19T19:26:53.7296189+00:00
1628,0,000028,0,000028,,2026-01-19T19:26:53.7375332+00:00
1629,0,000028,0,000028,,2026-01-19T19:26:53.7472129+00:00
1630,0,000028,0,000028,1,000000,2026-01-19T19:26:53.7552586+00:00
1631,0,000028,0,000028,,2026-01-19T19:26:53.7632440+00:00
1632,0,000028,0,000028,,2026-01-19T19:26:53.7724111+00:00
1633,0,000028,0,000028,,2026-01-19T19:26:53.7801872+00:00
1634,0,000028,0,000028,,2026-01-19T19:26:53.7899286+00:00
1635,0,000028,0,000028,,2026-01-19T19:26:53.7977823+00:00
1636,0,000028,0,000028,,2026-01-19T19:26:53.8057461+00:00
1637,0,000028,0,000028,,2026-01-19T19:26:53.8144634+00:00
1638,0,000028,0,000028,,2026-01-19T19:26:53.8282034+00:00
1639,0,000028,0,000027,,2026-01-19T19:26:53.8404351+00:00
1640,0,000027,0,000027,1,000000,2026-01-19T19:26:53.8487173+00:00
1641,0,000027,0,000027,,2026-01-19T19:26:53.8567699+00:00
1642,0,000027,0,000027,,2026-01-19T19:26:53.8668012+00:00
1643,0,000027,0,000027,,2026-01-19T19:26:53.8785414+00:00
1644,0,000027,0,000027,,2026-01-19T19:26:53.8864530+00:00
1645,0,000027,0,000027,,2026-01-19T19:26:53.8949301+00:00
1646,0,000027,0,000027,,2026-01-19T19:26:53.9027341+00:00
1647,0,000027,0,000027,,2026-01-19T19:26:53.9124303+00:00
1648,0,000027,0,000027,,2026-01-19T19:26:53.9203281+00:00
1649,0,000027,0,000027,,2026-01-19T19:26:53.9293146+00:00
1650,0,000027,0,000027,1,000000,2026-01-19T19:26:53.9380316+00:00
1651,0,000027,0,000027,,2026-01-19T19:26:53.9467763+00:00
1652,0,000027,0,000027,,2026-01-19T19:26:53.9562887+00:00
1653,0,000027,0,000027,,2026-01-19T19:26:53.9650930+00:00
1654,0,000027,0,000027,,2026-01-19T19:26:53.9735843+00:00
1655,0,000027,0,000027,,2026-01-19T19:26:53.9823028+00:00
1656,0,000027,0,000027,,2026-01-19T19:26:53.9925429+00:00
1657,0,000027,0,000027,,2026-01-19T19:26:54.0015329+00:00
1658,0,000027,0,000027,,2026-01-19T19:26:54.0111304+00:00
1659,0,000027,0,000027,,2026-01-19T19:26:54.0194139+00:00
1660,0,000027,0,000027,1,000000,2026-01-19T19:26:54.0289124+00:00
1661,0,000027,0,000027,,2026-01-19T19:26:54.0369247+00:00
1662,0,000027,0,000027,,2026-01-19T19:26:54.0461499+00:00
1663,0,000027,0,000027,,2026-01-19T19:26:54.0546229+00:00
1664,0,000027,0,000027,,2026-01-19T19:26:54.0632296+00:00
1665,0,000027,0,000027,,2026-01-19T19:26:54.0731247+00:00
1666,0,000027,0,000027,,2026-01-19T19:26:54.0811980+00:00
1667,0,000027,0,000027,,2026-01-19T19:26:54.0905242+00:00
1668,0,000027,0,000027,,2026-01-19T19:26:54.0985403+00:00
1669,0,000027,0,000027,,2026-01-19T19:26:54.1093109+00:00
1670,0,000027,0,000027,1,000000,2026-01-19T19:26:54.1180989+00:00
1671,0,000027,0,000027,,2026-01-19T19:26:54.1305348+00:00
1672,0,000027,0,000027,,2026-01-19T19:26:54.1404479+00:00
1673,0,000027,0,000026,,2026-01-19T19:26:54.1534685+00:00
1674,0,000026,0,000026,,2026-01-19T19:26:54.1646209+00:00
1675,0,000026,0,000026,,2026-01-19T19:26:54.1729243+00:00
1676,0,000026,0,000026,,2026-01-19T19:26:54.1816815+00:00
1677,0,000026,0,000026,,2026-01-19T19:26:54.1898130+00:00
1678,0,000026,0,000026,,2026-01-19T19:26:54.2008063+00:00
1679,0,000026,0,000026,,2026-01-19T19:26:54.2090599+00:00
1680,0,000026,0,000026,1,000000,2026-01-19T19:26:54.2171460+00:00
1681,0,000026,0,000026,,2026-01-19T19:26:54.2253098+00:00
1682,0,000026,0,000026,,2026-01-19T19:26:54.2331721+00:00
1683,0,000026,0,000026,,2026-01-19T19:26:54.2427314+00:00
1684,0,000026,0,000026,,2026-01-19T19:26:54.2507953+00:00
1685,0,000026,0,000026,,2026-01-19T19:26:54.2589232+00:00
1686,0,000026,0,000026,,2026-01-19T19:26:54.2673653+00:00
1687,0,000026,0,000026,,2026-01-19T19:26:54.2773321+00:00
1688,0,000026,0,000026,,2026-01-19T19:26:54.2857812+00:00
1689,0,000026,0,000026,,2026-01-19T19:26:54.2950487+00:00
1690,0,000026,0,000026,1,000000,2026-01-19T19:26:54.3032555+00:00
1691,0,000026,0,000026,,2026-01-19T19:26:54.3116968+00:00
1692,0,000026,0,000026,,2026-01-19T19:26:54.3264290+00:00
1693,0,000026,0,000026,,2026-01-19T19:26:54.3346652+00:00
1694,0,000026,0,000026,,2026-01-19T19:26:54.3460476+00:00
1695,0,000026,0,000026,,2026-01-19T19:26:54.3553757+00:00
1696,0,000026,0,000026,,2026-01-19T19:26:54.3664690+00:00
1697,0,000026,0,000026,,2026-01-19T19:26:54.3753745+00:00
1698,0,000026,0,000026,,2026-01-19T19:26:54.3846577+00:00
1699,0,000026,0,000026,,2026-01-19T19:26:54.3944867+00:00
1700,0,000026,0,000026,1,000000,2026-01-19T19:26:54.4025276+00:00
1701,0,000026,0,000026,,2026-01-19T19:26:54.4120817+00:00
1702,0,000026,0,000026,,2026-01-19T19:26:54.4204276+00:00
1703,0,000026,0,000026,,2026-01-19T19:26:54.4289986+00:00
1704,0,000026,0,000026,,2026-01-19T19:26:54.4376076+00:00
1705,0,000026,0,000026,,2026-01-19T19:26:54.4483614+00:00
1706,0,000026,0,000026,,2026-01-19T19:26:54.4581073+00:00
1707,0,000026,0,000026,,2026-01-19T19:26:54.4667156+00:00
1708,0,000026,0,000026,,2026-01-19T19:26:54.4750305+00:00
1709,0,000026,0,000025,,2026-01-19T19:26:54.4839805+00:00
1710,0,000025,0,000025,1,000000,2026-01-19T19:26:54.4972400+00:00
1711,0,000025,0,000025,,2026-01-19T19:26:54.5053991+00:00
1712,0,000025,0,000025,,2026-01-19T19:26:54.5136632+00:00
1713,0,000025,0,000025,,2026-01-19T19:26:54.5216908+00:00
1714,0,000025,0,000025,,2026-01-19T19:26:54.5328645+00:00
1715,0,000025,0,000025,,2026-01-19T19:26:54.5411598+00:00
1716,0,000025,0,000025,,2026-01-19T19:26:54.5532603+00:00
1717,0,000025,0,000025,,2026-01-19T19:26:54.5615305+00:00
1718,0,000025,0,000025,,2026-01-19T19:26:54.5699013+00:00
1719,0,000025,0,000025,,2026-01-19T19:26:54.5810345+00:00
1720,0,000025,0,000025,1,000000,2026-01-19T19:26:54.5891819+00:00
1721,0,000025,0,000025,,2026-01-19T19:26:54.5986692+00:00
1722,0,000025,0,000025,,2026-01-19T19:26:54.6069877+00:00
1723,0,000025,0,000025,,2026-01-19T19:26:54.6221856+00:00
1724,0,000025,0,000025,,2026-01-19T19:26:54.6304619+00:00
1725,0,000025,0,000025,,2026-01-19T19:26:54.6385732+00:00
1726,0,000025,0,000025,,2026-01-19T19:26:54.6469207+00:00
1727,0,000025,0,000025,,2026-01-19T19:26:54.6559593+00:00
1728,0,000025,0,000025,,2026-01-19T19:26:54.6653982+00:00
1729,0,000025,0,000025,,2026-01-19T19:26:54.6734935+00:00
1730,0,000025,0,000025,1,000000,2026-01-19T19:26:54.6818307+00:00
1731,0,000025,0,000025,,2026-01-19T19:26:54.6899357+00:00
1732,0,000025,0,000025,,2026-01-19T19:26:54.7004762+00:00
1733,0,000025,0,000025,,2026-01-19T19:26:54.7096407+00:00
1734,0,000025,0,000025,,2026-01-19T19:26:54.7177501+00:00
1735,0,000025,0,000025,,2026-01-19T19:26:54.7263466+00:00
1736,0,000025,0,000025,,2026-01-19T19:26:54.7348556+00:00
1737,0,000025,0,000025,,2026-01-19T19:26:54.7475738+00:00
1738,0,000025,0,000025,,2026-01-19T19:26:54.7572701+00:00
1739,0,000025,0,000025,,2026-01-19T19:26:54.7671683+00:00
1740,0,000025,0,000025,1,000000,2026-01-19T19:26:54.7756723+00:00
1741,0,000025,0,000025,,2026-01-19T19:26:54.7866295+00:00
1742,0,000025,0,000025,,2026-01-19T19:26:54.7948703+00:00
1743,0,000025,0,000025,,2026-01-19T19:26:54.8037698+00:00
1744,0,000025,0,000025,,2026-01-19T19:26:54.8121925+00:00
1745,0,000025,0,000025,,2026-01-19T19:26:54.8205691+00:00
1746,0,000025,0,000024,,2026-01-19T19:26:54.8311917+00:00
1747,0,000024,0,000024,,2026-01-19T19:26:54.8397134+00:00
1748,0,000024,0,000024,,2026-01-19T19:26:54.8503762+00:00
1749,0,000024,0,000024,,2026-01-19T19:26:54.8600222+00:00
1750,0,000024,0,000024,1,000000,2026-01-19T19:26:54.8706008+00:00
1751,0,000024,0,000024,,2026-01-19T19:26:54.8833588+00:00
1752,0,000024,0,000024,,2026-01-19T19:26:54.8948595+00:00
1753,0,000024,0,000024,,2026-01-19T19:26:54.9038750+00:00
1754,0,000024,0,000024,,2026-01-19T19:26:54.9125018+00:00
1755,0,000024,0,000024,,2026-01-19T19:26:54.9225943+00:00
1756,0,000024,0,000024,,2026-01-19T19:26:54.9350038+00:00
1757,0,000024,0,000024,,2026-01-19T19:26:54.9435399+00:00
1758,0,000024,0,000024,,2026-01-19T19:26:54.9519737+00:00
1759,0,000024,0,000024,,2026-01-19T19:26:54.9627587+00:00
1760,0,000024,0,000024,1,000000,2026-01-19T19:26:54.9729654+00:00
1761,0,000024,0,000024,,2026-01-19T19:26:54.9811627+00:00
1762,0,000024,0,000024,,2026-01-19T19:26:54.9894408+00:00
1763,0,000024,0,000024,,2026-01-19T19:26:54.9977972+00:00
1764,0,000024,0,000024,,2026-01-19T19:26:55.0080873+00:00
1765,0,000024,0,000024,,2026-01-19T19:26:55.0163527+00:00
1766,0,000024,0,000024,,2026-01-19T19:26:55.0260560+00:00
1767,0,000024,0,000024,,2026-01-19T19:26:55.0390015+00:00
1768,0,000024,0,000024,,2026-01-19T19:26:55.0509533+00:00
1769,0,000024,0,000024,,2026-01-19T19:26:55.0600972+00:00
1770,0,000024,0,000024,1,000000,2026-01-19T19:26:55.0694351+00:00
1771,0,000024,0,000024,,2026-01-19T19:26:55.0795709+00:00
1772,0,000024,0,000024,,2026-01-19T19:26:55.0880752+00:00
1773,0,000024,0,000024,,2026-01-19T19:26:55.0997640+00:00
1774,0,000024,0,000024,,2026-01-19T19:26:55.1091958+00:00
1775,0,000024,0,000024,,2026-01-19T19:26:55.1197904+00:00
1776,0,000024,0,000024,,2026-01-19T19:26:55.1283507+00:00
1777,0,000024,0,000024,,2026-01-19T19:26:55.1393430+00:00
1778,0,000024,0,000024,,2026-01-19T19:26:55.1477643+00:00
1779,0,000024,0,000024,,2026-01-19T19:26:55.1572213+00:00
1780,0,000024,0,000024,1,000000,2026-01-19T19:26:55.1656079+00:00
1781,0,000024,0,000024,,2026-01-19T19:26:55.1742118+00:00
1782,0,000024,0,000024,,2026-01-19T19:26:55.1882721+00:00
1783,0,000024,0,000024,,2026-01-19T19:26:55.1970904+00:00
1784,0,000024,0,000024,,2026-01-19T19:26:55.2056864+00:00
1785,0,000024,0,000024,,2026-01-19T19:26:55.2150473+00:00
1786,0,000024,0,000023,,2026-01-19T19:26:55.2261243+00:00
1787,0,000023,0,000023,,2026-01-19T19:26:55.2346535+00:00
1788,0,000023,0,000023,,2026-01-19T19:26:55.2433577+00:00
1789,0,000023,0,000023,,2026-01-19T19:26:55.2527798+00:00
1790,0,000023,0,000023,1,000000,2026-01-19T19:26:55.2624491+00:00
1791,0,000023,0,000023,,2026-01-19T19:26:55.2728241+00:00
1792,0,000023,0,000023,,2026-01-19T19:26:55.2820473+00:00
1793,0,000023,0,000023,,2026-01-19T19:26:55.2930272+00:00
1794,0,000023,0,000023,,2026-01-19T19:26:55.3016321+00:00
1795,0,000023,0,000023,,2026-01-19T19:26:55.3127515+00:00
1796,0,000023,0,000023,,2026-01-19T19:26:55.3212431+00:00
1797,0,000023,0,000023,,2026-01-19T19:26:55.3301895+00:00
1798,0,000023,0,000023,,2026-01-19T19:26:55.3390153+00:00
1799,0,000023,0,000023,,2026-01-19T19:26:55.3492065+00:00
1800,0,000023,0,000023,1,000000,2026-01-19T19:26:55.3626122+00:00
1801,0,000023,0,000023,,2026-01-19T19:26:55.3721915+00:00
1802,0,000023,0,000023,,2026-01-19T19:26:55.3836289+00:00
1803,0,000023,0,000023,,2026-01-19T19:26:55.3935417+00:00
1804,0,000023,0,000023,,2026-01-19T19:26:55.4033332+00:00
1805,0,000023,0,000023,,2026-01-19T19:26:55.4119948+00:00
1806,0,000023,0,000023,,2026-01-19T19:26:55.4205268+00:00
1807,0,000023,0,000023,,2026-01-19T19:26:55.4292143+00:00
1808,0,000023,0,000023,,2026-01-19T19:26:55.4389516+00:00
1809,0,000023,0,000023,,2026-01-19T19:26:55.4481989+00:00
1810,0,000023,0,000023,1,000000,2026-01-19T19:26:55.4568297+00:00
1811,0,000023,0,000023,,2026-01-19T19:26:55.4655511+00:00
1812,0,000023,0,000023,,2026-01-19T19:26:55.4766431+00:00
1813,0,000023,0,000023,,2026-01-19T19:26:55.4856145+00:00
1814,0,000023,0,000023,,2026-01-19T19:26:55.4943754+00:00
1815,0,000023,0,000023,,2026-01-19T19:26:55.5037844+00:00
1816,0,000023,0,000023,,2026-01-19T19:26:55.5146228+00:00
1817,0,000023,0,000023,,2026-01-19T19:26:55.5234090+00:00
1818,0,000023,0,000023,,2026-01-19T19:26:55.5322468+00:00
1819,0,000023,0,000023,,2026-01-19T19:26:55.5410325+00:00
1820,0,000023,0,000023,1,000000,2026-01-19T19:26:55.5509286+00:00
1821,0,000023,0,000023,,2026-01-19T19:26:55.5596696+00:00
1822,0,000023,0,000023,,2026-01-19T19:26:55.5687920+00:00
1823,0,000023,0,000023,,2026-01-19T19:26:55.5785307+00:00
1824,0,000023,0,000023,,2026-01-19T19:26:55.5896635+00:00
1825,0,000023,0,000023,,2026-01-19T19:26:55.5983360+00:00
1826,0,000023,0,000023,,2026-01-19T19:26:55.6074535+00:00
1827,0,000023,0,000023,,2026-01-19T19:26:55.6159718+00:00
1828,0,000023,0,000022,,2026-01-19T19:26:55.6271882+00:00
1829,0,000022,0,000022,,2026-01-19T19:26:55.6361839+00:00
1830,0,000022,0,000022,1,000000,2026-01-19T19:26:55.6457820+00:00
1831,0,000022,0,000022,,2026-01-19T19:26:55.6560270+00:00
1832,0,000022,0,000022,,2026-01-19T19:26:55.6673451+00:00
1833,0,000022,0,000022,,2026-01-19T19:26:55.6763581+00:00
1834,0,000022,0,000022,,2026-01-19T19:26:55.6917750+00:00
1835,0,000022,0,000022,,2026-01-19T19:26:55.7004512+00:00
1836,0,000022,0,000022,,2026-01-19T19:26:55.7123027+00:00
1837,0,000022,0,000022,,2026-01-19T19:26:55.7221061+00:00
1838,0,000022,0,000022,,2026-01-19T19:26:55.7307332+00:00
1839,0,000022,0,000022,,2026-01-19T19:26:55.7393705+00:00
1840,0,000022,0,000022,1,000000,2026-01-19T19:26:55.7526338+00:00
1841,0,000022,0,000022,,2026-01-19T19:26:55.7631769+00:00
1842,0,000022,0,000022,,2026-01-19T19:26:55.7718911+00:00
1843,0,000022,0,000022,,2026-01-19T19:26:55.7808869+00:00
1844,0,000022,0,000022,,2026-01-19T19:26:55.7924659+00:00
1845,0,000022,0,000022,,2026-01-19T19:26:55.8045045+00:00
1846,0,000022,0,000022,,2026-01-19T19:26:55.8135676+00:00
1847,0,000022,0,000022,,2026-01-19T19:26:55.8230132+00:00
1848,0,000022,0,000022,,2026-01-19T19:26:55.8390589+00:00
1849,0,000022,0,000022,,2026-01-19T19:26:55.8477396+00:00
1850,0,000022,0,000022,1,000000,2026-01-19T19:26:55.8566785+00:00
1851,0,000022,0,000022,,2026-01-19T19:26:55.8682996+00:00
1852,0,000022,0,000022,,2026-01-19T19:26:55.8789717+00:00
1853,0,000022,0,000022,,2026-01-19T19:26:55.8878487+00:00
1854,0,000022,0,000022,,2026-01-19T19:26:55.8966255+00:00
1855,0,000022,0,000022,,2026-01-19T19:26:55.9052945+00:00
1856,0,000022,0,000022,,2026-01-19T19:26:55.9155320+00:00
1857,0,000022,0,000022,,2026-01-19T19:26:55.9258193+00:00
1858,0,000022,0,000022,,2026-01-19T19:26:55.9373674+00:00
1859,0,000022,0,000022,,2026-01-19T19:26:55.9508675+00:00
1860,0,000022,0,000022,1,000000,2026-01-19T19:26:55.9628012+00:00
1861,0,000022,0,000022,,2026-01-19T19:26:55.9714961+00:00
1862,0,000022,0,000022,,2026-01-19T19:26:55.9845042+00:00
1863,0,000022,0,000022,,2026-01-19T19:26:55.9972860+00:00
1864,0,000022,0,000022,,2026-01-19T19:26:56.0092071+00:00
1865,0,000022,0,000022,,2026-01-19T19:26:56.0194804+00:00
1866,0,000022,0,000022,,2026-01-19T19:26:56.0281717+00:00
1867,0,000022,0,000022,,2026-01-19T19:26:56.0369339+00:00
1868,0,000022,0,000022,,2026-01-19T19:26:56.0482251+00:00
1869,0,000022,0,000022,,2026-01-19T19:26:56.0571436+00:00
1870,0,000022,0,000022,1,000000,2026-01-19T19:26:56.0666019+00:00
1871,0,000022,0,000022,,2026-01-19T19:26:56.0764964+00:00
1872,0,000022,0,000022,,2026-01-19T19:26:56.0882640+00:00
1873,0,000022,0,000021,,2026-01-19T19:26:56.0971506+00:00
1874,0,000021,0,000021,,2026-01-19T19:26:56.1079185+00:00
1875,0,000021,0,000021,,2026-01-19T19:26:56.1200297+00:00
1876,0,000021,0,000021,,2026-01-19T19:26:56.1312665+00:00
1877,0,000021,0,000021,,2026-01-19T19:26:56.1416272+00:00
1878,0,000021,0,000021,,2026-01-19T19:26:56.1504710+00:00
1879,0,000021,0,000021,,2026-01-19T19:26:56.1594127+00:00
1880,0,000021,0,000021,1,000000,2026-01-19T19:26:56.1698198+00:00
1881,0,000021,0,000021,,2026-01-19T19:26:56.1786962+00:00
1882,0,000021,0,000021,,2026-01-19T19:26:56.1889260+00:00
1883,0,000021,0,000021,,2026-01-19T19:26:56.1988377+00:00
1884,0,000021,0,000021,,2026-01-19T19:26:56.2102392+00:00
1885,0,000021,0,000021,,2026-01-19T19:26:56.2191815+00:00
1886,0,000021,0,000021,,2026-01-19T19:26:56.2281758+00:00
1887,0,000021,0,000021,,2026-01-19T19:26:56.2371965+00:00
1888,0,000021,0,000021,,2026-01-19T19:26:56.2491207+00:00
1889,0,000021,0,000021,,2026-01-19T19:26:56.2586855+00:00
1890,0,000021,0,000021,1,000000,2026-01-19T19:26:56.2725213+00:00
1891,0,000021,0,000021,,2026-01-19T19:26:56.2826883+00:00
1892,0,000021,0,000021,,2026-01-19T19:26:56.2949813+00:00
1893,0,000021,0,000021,,2026-01-19T19:26:56.3092113+00:00
1894,0,000021,0,000021,,2026-01-19T19:26:56.3181234+00:00
1895,0,000021,0,000021,,2026-01-19T19:26:56.3271016+00:00
1896,0,000021,0,000021,,2026-01-19T19:26:56.3373305+00:00
1897,0,000021,0,000021,,2026-01-19T19:26:56.3477834+00:00
1898,0,000021,0,000021,,2026-01-19T19:26:56.3567759+00:00
1899,0,000021,0,000021,,2026-01-19T19:26:56.3678146+00:00
1900,0,000021,0,000021,1,000000,2026-01-19T19:26:56.3790411+00:00
1901,0,000021,0,000021,,2026-01-19T19:26:56.3887437+00:00
1902,0,000021,0,000021,,2026-01-19T19:26:56.3980748+00:00
1903,0,000021,0,000021,,2026-01-19T19:26:56.4079364+00:00
1904,0,000021,0,000021,,2026-01-19T19:26:56.4197253+00:00
1905,0,000021,0,000021,,2026-01-19T19:26:56.4288452+00:00
1906,0,000021,0,000021,,2026-01-19T19:26:56.4376645+00:00
1907,0,000021,0,000021,,2026-01-19T19:26:56.4517999+00:00
1908,0,000021,0,000021,,2026-01-19T19:26:56.4636980+00:00
1909,0,000021,0,000021,,2026-01-19T19:26:56.4725435+00:00
1910,0,000021,0,000021,1,000000,2026-01-19T19:26:56.4814509+00:00
1911,0,000021,0,000021,,2026-01-19T19:26:56.4914698+00:00
1912,0,000021,0,000021,,2026-01-19T19:26:56.5017286+00:00
1913,0,000021,0,000021,,2026-01-19T19:26:56.5106242+00:00
1914,0,000021,0,000021,,2026-01-19T19:26:56.5195950+00:00
1915,0,000021,0,000021,,2026-01-19T19:26:56.5285379+00:00
1916,0,000021,0,000021,,2026-01-19T19:26:56.5441625+00:00
1917,0,000021,0,000021,,2026-01-19T19:26:56.5568681+00:00
1918,0,000021,0,000021,,2026-01-19T19:26:56.5675033+00:00
1919,0,000021,0,000021,,2026-01-19T19:26:56.5774178+00:00
1920,0,000021,0,000021,1,000000,2026-01-19T19:26:56.5882484+00:00
1921,0,000021,0,000020,,2026-01-19T19:26:56.5987443+00:00
1922,0,000020,0,000020,,2026-01-19T19:26:56.6078766+00:00
1923,0,000020,0,000020,,2026-01-19T19:26:56.6169847+00:00
1924,0,000020,0,000020,,2026-01-19T19:26:56.6276419+00:00
1925,0,000020,0,000020,,2026-01-19T19:26:56.6365949+00:00
1926,0,000020,0,000020,,2026-01-19T19:26:56.6456610+00:00
1927,0,000020,0,000020,,2026-01-19T19:26:56.6559776+00:00
1928,0,000020,0,000020,,2026-01-19T19:26:56.6663379+00:00
1929,0,000020,0,000020,,2026-01-19T19:26:56.6751813+00:00
1930,0,000020,0,000020,1,000000,2026-01-19T19:26:56.6843450+00:00
1931,0,000020,0,000020,,2026-01-19T19:26:56.6938650+00:00
1932,0,000020,0,000020,,2026-01-19T19:26:56.7058872+00:00
1933,0,000020,0,000020,,2026-01-19T19:26:56.7154907+00:00
1934,0,000020,0,000020,,2026-01-19T19:26:56.7256112+00:00
1935,0,000020,0,000020,,2026-01-19T19:26:56.7346236+00:00
1936,0,000020,0,000020,,2026-01-19T19:26:56.7475178+00:00
1937,0,000020,0,000020,,2026-01-19T19:26:56.7567573+00:00
1938,0,000020,0,000020,,2026-01-19T19:26:56.7658885+00:00
1939,0,000020,0,000020,,2026-01-19T19:26:56.7759209+00:00
1940,0,000020,0,000020,1,000000,2026-01-19T19:26:56.7870752+00:00
1941,0,000020,0,000020,,2026-01-19T19:26:56.7986218+00:00
1942,0,000020,0,000020,,2026-01-19T19:26:56.8077633+00:00
1943,0,000020,0,000020,,2026-01-19T19:26:56.8170434+00:00
1944,0,000020,0,000020,,2026-01-19T19:26:56.8295450+00:00
1945,0,000020,0,000020,,2026-01-19T19:26:56.8388596+00:00
1946,0,000020,0,000020,,2026-01-19T19:26:56.8483069+00:00
1947,0,000020,0,000020,,2026-01-19T19:26:56.8576722+00:00
1948,0,000020,0,000020,,2026-01-19T19:26:56.8739929+00:00
1949,0,000020,0,000020,,2026-01-19T19:26:56.8879603+00:00
1950,0,000020,0,000020,1,000000,2026-01-19T19:26:56.8986046+00:00
1951,0,000020,0,000020,,2026-01-19T19:26:56.9079767+00:00
1952,0,000020,0,000020,,2026-01-19T19:26:56.9184939+00:00
1953,0,000020,0,000020,,2026-01-19T19:26:56.9277370+00:00
1954,0,000020,0,000020,,2026-01-19T19:26:56.9368819+00:00
1955,0,000020,0,000020,,2026-01-19T19:26:56.9475482+00:00
1956,0,000020,0,000020,,2026-01-19T19:26:56.9581247+00:00
1957,0,000020,0,000020,,2026-01-19T19:26:56.9678762+00:00
1958,0,000020,0,000020,,2026-01-19T19:26:56.9774398+00:00
1959,0,000020,0,000020,,2026-01-19T19:26:56.9865786+00:00
1960,0,000020,0,000020,1,000000,2026-01-19T19:26:57.0025379+00:00
1961,0,000020,0,000020,,2026-01-19T19:26:57.0131754+00:00
1962,0,000020,0,000020,,2026-01-19T19:26:57.0222865+00:00
1963,0,000020,0,000020,,2026-01-19T19:26:57.0356961+00:00
1964,0,000020,0,000020,,2026-01-19T19:26:57.0493952+00:00
1965,0,000020,0,000020,,2026-01-19T19:26:57.0619599+00:00
1966,0,000020,0,000020,,2026-01-19T19:26:57.0725047+00:00
1967,0,000020,0,000020,,2026-01-19T19:26:57.0817535+00:00
1968,0,000020,0,000020,,2026-01-19T19:26:57.0929082+00:00
1969,0,000020,0,000020,,2026-01-19T19:26:57.1020337+00:00
1970,0,000020,0,000020,1,000000,2026-01-19T19:26:57.1114791+00:00
1971,0,000020,0,000020,,2026-01-19T19:26:57.1220069+00:00
1972,0,000020,0,000019,,2026-01-19T19:26:57.1333659+00:00
1973,0,000019,0,000019,,2026-01-19T19:26:57.1472664+00:00
1974,0,000019,0,000019,,2026-01-19T19:26:57.1604708+00:00
1975,0,000019,0,000019,,2026-01-19T19:26:57.1697201+00:00
1976,0,000019,0,000019,,2026-01-19T19:26:57.1830598+00:00
1977,0,000019,0,000019,,2026-01-19T19:26:57.1932191+00:00
1978,0,000019,0,000019,,2026-01-19T19:26:57.2023626+00:00
1979,0,000019,0,000019,,2026-01-19T19:26:57.2123346+00:00
1980,0,000019,0,000019,1,000000,2026-01-19T19:26:57.2252591+00:00
1981,0,000019,0,000019,,2026-01-19T19:26:57.2357272+00:00
1982,0,000019,0,000019,,2026-01-19T19:26:57.2460469+00:00
1983,0,000019,0,000019,,2026-01-19T19:26:57.2555736+00:00
1984,0,000019,0,000019,,2026-01-19T19:26:57.2674299+00:00
1985,0,000019,0,000019,,2026-01-19T19:26:57.2767655+00:00
1986,0,000019,0,000019,,2026-01-19T19:26:57.2869906+00:00
1987,0,000019,0,000019,,2026-01-19T19:26:57.2969821+00:00
1988,0,000019,0,000019,,2026-01-19T19:26:57.3120030+00:00
1989,0,000019,0,000019,,2026-01-19T19:26:57.3227682+00:00
1990,0,000019,0,000019,1,000000,2026-01-19T19:26:57.3322590+00:00
1991,0,000019,0,000019,,2026-01-19T19:26:57.3438406+00:00
1992,0,000019,0,000019,,2026-01-19T19:26:57.3589820+00:00
1993,0,000019,0,000019,,2026-01-19T19:26:57.3695482+00:00
1994,0,000019,0,000019,,2026-01-19T19:26:57.3787825+00:00
1995,0,000019,0,000019,,2026-01-19T19:26:57.3889424+00:00
1996,0,000019,0,000019,,2026-01-19T19:26:57.4006302+00:00
1997,0,000019,0,000019,,2026-01-19T19:26:57.4100263+00:00
1998,0,000019,0,000019,,2026-01-19T19:26:57.4200386+00:00
1999,0,000019,0,000019,,2026-01-19T19:26:57.4316039+00:00
2000,0,000019,0,000019,1,000000,2026-01-19T19:26:57.4430974+00:00
