{
  "Layers": [
    {
      "Type": "Linear",
      "InputSize": 2,
      "OutputSize": 4,
      "Weights": [
        2.3620903584987913,
        -2.1425767168820746,
        -0.7489634210937486,
        -0.057613886375904186,
        -0.663131551660193,
        -0.47481464942675766,
        1.6467080547105586,
        0.9433511513187507
      ],
      "Bias": [
        -0.19620442976273086,
        -0.1031424384263868,
        0,
        -1.4973711025960705
      ],
      "Size": 0,
      "Activation": null
    },
    {
      "Type": "Activation",
      "InputSize": 0,
      "OutputSize": 0,
      "Weights": null,
      "Bias": null,
      "Size": 4,
      "Activation": "ReLu"
    },
    {
      "Type": "Linear",
      "InputSize": 4,
      "OutputSize": 2,
      "Weights": [
        -3.1744012409440305,
        -0.17864461113630425,
        0.45892118215324756,
        3.1835784332451347,
        2.9063395266356107,
        -0.4283126596553548,
        -0.4632043510253501,
        -3.5359800869514193
      ],
      "Bias": [
        0.0008037765650345285,
        -0.000803776565029459
      ],
      "Size": 0,
      "Activation": null
    },
    {
      "Type": "Softmax",
      "InputSize": 0,
      "OutputSize": 0,
      "Weights": null,
      "Bias": null,
      "Size": 2,
      "Activation": null
    }
  ]
}