{
  "Layers": [
    {
      "Type": "Linear",
      "InputSize": 2,
      "OutputSize": 4,
      "Weights": [
        5.492509597389176,
        -6.449497554716799,
        -0.7489634210937486,
        -0.057613886375904186,
        -0.663131551660193,
        -0.47481464942675766,
        9.743458044524507,
        1.5001588484406918
      ],
      "Bias": [
        -2.4642020964302844,
        -0.1031424384263868,
        0,
        -4.526397700985154
      ],
      "Size": 0,
      "Activation": null
    },
    {
      "Type": "Activation",
      "InputSize": 0,
      "OutputSize": 0,
      "Weights": null,
      "Bias": null,
      "Size": 4,
      "Activation": "ReLu"
    },
    {
      "Type": "Linear",
      "InputSize": 4,
      "OutputSize": 2,
      "Weights": [
        -10.785420754933359,
        -0.17864461113630425,
        0.45892118215324756,
        0.35975870291466155,
        10.517359040624832,
        -0.4283126596553548,
        -0.4632043510253501,
        -0.7121603566210318
      ],
      "Bias": [
        0.0007494376674233408,
        -0.0007494376681600431
      ],
      "Size": 0,
      "Activation": null
    },
    {
      "Type": "Softmax",
      "InputSize": 0,
      "OutputSize": 0,
      "Weights": null,
      "Bias": null,
      "Size": 2,
      "Activation": null
    }
  ]
}